tweet_id,mentioned_candidate_AI,associated_word_AI,tone_AI,perceived_judgement_AI,polarity_AI,is_spam
tweet_id:1967026817623355632,Makabayan,winning,Neutral,InFavor,0.5,False
tweet_id:1967026817623355632,,winning,Neutral,InFavor,0.5,False
tweet_id:1934803697722380411,,deletion,Neutral,Unsure,0.0,False
tweet_id:1923761077374075233,,Robredo,Neutral,Unsure,0.0,False
tweet_id:1928382617683964151,Kiko Pangilinan,Kiko,Enjoyment,InFavor,0.5,False
tweet_id:1928382617683964151,Bam Aquino,Bam,Neutral,InFavor,0.5,False
tweet_id:1928382617683964151,Lakas,DDS,Anger,Opposedto,-0.8,False
tweet_id:1923294571171025000,,proud,Enjoyment,InFavor,0.8,False
tweet_id:1931620556627153280,,topnotcher,Neutral,Unsure,0.0,False
tweet_id:1925532643472638081,DuterTen,slate,Contempt,Opposedto,-0.5,False
tweet_id:1925532643472638081,,Gen-Z,Neutral,Unsure,0.0,False
tweet_id:1924374593533595698,,regional,Neutral,Unsure,0.0,False
tweet_id:1933001323751899314,,transparency,Neutral,InFavor,0.5,False
tweet_id:1942551280465183013,,,Neutral,Unsure,0.0,False
tweet_id:1923187050208989436,,,Enjoyment,Unsure,0.8,True
tweet_id:1949659578054111438,Kiko Pangilinan,hope,Enjoyment,InFavor,0.8,False
tweet_id:1949659578054111438,Bam Aquino,hope,Enjoyment,InFavor,0.8,False
tweet_id:1949659578054111438,Liberal,hope,Enjoyment,InFavor,0.8,False
tweet_id:1923882731869700352,,recount,Neutral,Unsure,0.0,False
tweet_id:1932669708433830086,Mar Valbuena,candidate,Neutral,InFavor,0.5,False
tweet_id:1929471977988718802,,impeachment,Neutral,Unsure,0.0,False
tweet_id:1947248330011984031,Kiko Pangilinan,walang,Sadness,Opposedto,-0.5,False
tweet_id:1947248330011984031,Bam Aquino,walang,Sadness,Opposedto,-0.5,False
tweet_id:1947248330011984031,Makabayan,progressive,Neutral,InFavor,0.2,False
tweet_id:1941004156455866869,,,Neutral,Unsure,0.0,True
tweet_id:1924300323168076126,,Disqualify,Contempt,Opposedto,-0.8,False
tweet_id:1930669716969758769,,,Neutral,Unsure,0.0,True
tweet_id:1940713236023886204,,transparency,Neutral,Unsure,0.0,True
tweet_id:1923716956877898060,,Halalan2025,Neutral,Unsure,0.5,False
tweet_id:1940774660435804204,,elections,Neutral,Unsure,0.0,False
tweet_id:1925127121409876278,,mainit,Anger,Unsure,-0.5,False
tweet_id:1946053603246182628,,Halalan,Neutral,Unsure,0.0,False
tweet_id:1944639308536938536,,,Neutral,Unsure,0.0,True
tweet_id:1943203139278246294,,afraid,Neutral,InFavor,0.5,False
tweet_id:1955202296427786605,,vote-buying,Contempt,Opposedto,-0.5,False
tweet_id:1934886544114168253,,,Neutral,Unsure,0.0,True
tweet_id:1923662232405278919,Bam Aquino,,Neutral,InFavor,0.5,False
tweet_id:1926907494086979602,,eleksyon,Neutral,Unsure,0.0,False
tweet_id:1923875867077509411,Kiko Pangilinan,graduate,Neutral,InFavor,0.5,False
tweet_id:1923630807153074444,,,Neutral,Unsure,0.0,True
tweet_id:1941134530611753433,,,Neutral,Unsure,0.0,True
tweet_id:1926888188909412476,,,Neutral,Unsure,0.0,False
tweet_id:1923286646633472341,,pasasalamat,Enjoyment,InFavor,0.8,False
tweet_id:1936998096405430626,PDP,petition,Neutral,InFavor,0.2,False
tweet_id:1910902241202184588,KABAYAN,Vote,Neutral,InFavor,0.5,False
tweet_id:1919334684942639363,Kiko Pangilinan,WIN,Enjoyment,InFavor,0.8,False
tweet_id:1839193747877478699,P3PWD,Senator,Neutral,InFavor,0.5,False
tweet_id:1919957910093762935,Kiko Pangilinan,ipanalo,Enjoyment,InFavor,0.8,False
tweet_id:1919957910093762935,Bam Aquino,ipanalo,Enjoyment,InFavor,0.8,False
tweet_id:1840608670842794190,,clean,Neutral,InFavor,0.5,False
tweet_id:1910566015370748369,,midterm,Neutral,Unsure,0.0,False
tweet_id:1894001833158545408,Akbayan,Youth,Neutral,InFavor,0.5,False
tweet_id:1909886904868418044,Kiko Pangilinan,SENADOR,Neutral,InFavor,0.8,False
tweet_id:1909886904868418044,Bam Aquino,SENADOR,Neutral,InFavor,0.8,False
tweet_id:1909886904868418044,Heidi Mendoza,SENADOR,Neutral,InFavor,0.8,False
tweet_id:1919290261735145899,,elections,Neutral,Unsure,0.0,False
tweet_id:1910503942758511101,,media,Neutral,Unsure,0.0,False
tweet_id:1919334041696034907,Bam Aquino,WIN,Enjoyment,InFavor,0.8,False
tweet_id:1919335872706834845,Heidi Mendoza,WIN,Enjoyment,InFavor,0.9,False
tweet_id:1916820865934598241,,,Neutral,Unsure,0.0,True
tweet_id:1910504237974642971,,media,Neutral,Unsure,0.0,True
tweet_id:1915283709697368292,Jimmy Bondoc,Duterte,Neutral,InFavor,0.8,False
tweet_id:1915283709697368292,Bong Go,Duterte,Neutral,InFavor,0.8,False
tweet_id:1915283709697368292,Ronald dela Rosa,Duterte,Neutral,InFavor,0.8,False
tweet_id:1906248143953645676,,elections,Neutral,Unsure,0.0,False
tweet_id:1899725104390484382,,priority,Neutral,Unsure,0.0,False
tweet_id:1920373371155501274,,Halalan2025,Neutral,Unsure,0.0,False
tweet_id:1891432583692484973,jimmy bondoc,straight,Anger,InFavor,0.8,False
tweet_id:1891432583692484973,ronald dela rosa,straight,Anger,InFavor,0.8,False
tweet_id:1891432583692484973,bong go,straight,Anger,InFavor,0.8,False
tweet_id:1891432583692484973,jesus hinlo jr.,straight,Anger,InFavor,0.8,False
tweet_id:1891432583692484973,raul lambino,straight,Anger,InFavor,0.8,False
tweet_id:1891432583692484973,rodante marcoleta,straight,Anger,InFavor,0.8,False
tweet_id:1891432583692484973,apollo quiboloy,straight,Anger,InFavor,0.8,False
tweet_id:1891432583692484973,vic rodriguez,straight,Anger,InFavor,0.8,False
tweet_id:1891432583692484973,phillip salvador,straight,Anger,InFavor,0.8,False
tweet_id:1919750994822627823,,,Neutral,Unsure,0.0,True
tweet_id:1878109617051328530,,,Neutral,Unsure,0.0,True
tweet_id:1896125886279352404,imee marcos,budol,Anger,Opposedto,-0.9,False
tweet_id:1896125886279352404,duterte youth,DutertePaRin,Neutral,InFavor,0.8,False
tweet_id:1827935745828647177,makabayan,senatorial,Neutral,InFavor,0.5,False
tweet_id:1827935745828647177,mody floranda,senatorial,Neutral,InFavor,0.5,False
tweet_id:1827935745828647177,jocelyn andamo,senatorial,Neutral,InFavor,0.5,False
tweet_id:1827935745828647177,teodoro casiño,senatorial,Neutral,InFavor,0.5,False
tweet_id:1827935745828647177,arlene brosas,senatorial,Neutral,InFavor,0.5,False
tweet_id:1827935745828647177,ronnel arambulo,senatorial,Neutral,InFavor,0.5,False
tweet_id:1914847943204733278,,,Neutral,Unsure,0.0,True
tweet_id:1842437059383832828,kabataan,filed,Neutral,InFavor,0.5,False
tweet_id:1919605438393319553,,,Neutral,Unsure,0.0,True
tweet_id:1919600702646898919,,,Neutral,Unsure,0.0,True
tweet_id:1919617181438136802,,,Neutral,Unsure,0.0,True
tweet_id:1874969150260760665,,,Neutral,Unsure,0.0,True
tweet_id:1882802765803761817,,,Neutral,Unsure,0.0,True
tweet_id:1879802461743095882,,,Neutral,Unsure,0.0,True
tweet_id:1888987035924578686,makabayan,subok,Enjoyment,InFavor,0.8,False
tweet_id:1789616040252711007,,,Neutral,Unsure,0.5,True
tweet_id:1920977083360313611,,,Neutral,Unsure,0.0,True
tweet_id:1920901384729178216,,,Anger,Unsure,-0.5,True
tweet_id:1920871766827626632,camille villar,power,Neutral,Unsure,0.0,False
tweet_id:1920864431736562148,makabayan,love,Enjoyment,InFavor,0.8,False
tweet_id:1920864431736562148,gabriela,love,Enjoyment,InFavor,0.8,False
tweet_id:1920854508533334479,bam aquino,iconsider,Enjoyment,InFavor,0.8,False
tweet_id:1920854508533334479,kiko pangilinan,iconsider,Enjoyment,InFavor,0.8,False
tweet_id:1920854508533334479,luke espiritu,iconsider,Enjoyment,InFavor,0.8,False
tweet_id:1920854508533334479,heidi mendoza,iconsider,Enjoyment,InFavor,0.8,False
tweet_id:1920854508533334479,akbayan,suporta,Neutral,InFavor,0.5,False
tweet_id:1920854508533334479,ml,suporta,Neutral,InFavor,0.5,False
tweet_id:1920838922159956041,kiko pangilinan,Vote,Enjoyment,InFavor,0.8,False
tweet_id:1920838922159956041,bam aquino,Vote,Enjoyment,InFavor,0.8,False
tweet_id:1920837089299489014,bong go,defending,Neutral,InFavor,0.5,False
tweet_id:1920833333375693268,bbm,President,Neutral,InFavor,0.5,False
tweet_id:1920830577810210939,,,Neutral,Unsure,0.0,True
tweet_id:1920827942692618370,,Halalan2025,Neutral,Unsure,0.0,True
tweet_id:1920807042446487865,,,Neutral,Unsure,0.0,True
tweet_id:1920805907891380274,,,Neutral,Unsure,0.5,True
tweet_id:1920805108616503630,bam aquino,Kakampinks,Enjoyment,InFavor,0.8,False
tweet_id:1920805108616503630,kiko pangilinan,Kakampinks,Enjoyment,InFavor,0.8,False
tweet_id:1920801471655772332,,pagbabago,Enjoyment,InFavor,0.8,False
tweet_id:1920781433989145050,heidi mendoza,,Neutral,Unsure,0.0,False
tweet_id:1920781433989145050,bam aquino,,Neutral,Unsure,0.0,False
tweet_id:1920781433989145050,kiko pangilinan,,Neutral,Unsure,0.0,False
tweet_id:1920781433989145050,luke espiritu,,Neutral,Unsure,0.0,False
tweet_id:1920779922773086279,bayan muna,endorso,Enjoyment,InFavor,0.8,False
tweet_id:1920779922773086279,makabayan,endorso,Enjoyment,InFavor,0.8,False
tweet_id:1920777127533695463,luke espiritu,senatorial,Neutral,InFavor,0.5,False
tweet_id:1920777127533695463,leody de guzman,senatorial,Neutral,InFavor,0.5,False
tweet_id:1920777040413741306,,,Neutral,Unsure,0.0,False
tweet_id:1920773693581509031,,,Neutral,Unsure,0.5,True
tweet_id:1920729879240171780,,,Sadness,Unsure,0.2,False
tweet_id:1920720226498249021,camille villar,candidate,Neutral,Unsure,0.0,True
tweet_id:1920720226498249021,abigail binay,senator,Neutral,Unsure,0.0,False
tweet_id:1920720226498249021,francis tolentino,politician,Neutral,Unsure,0.0,False
tweet_id:1920720226498249021,ronald dela rosa,senator,Neutral,Unsure,0.0,False
tweet_id:1920720226498249021,benhur abalos,politician,Neutral,Unsure,0.0,False
tweet_id:1920720226498249021,bong revilla,senator,Neutral,Unsure,0.0,False
tweet_id:1920720226498249021,bong go,senator,Neutral,Unsure,0.0,False
tweet_id:1920720226498249021,imee marcos,senator,Neutral,Unsure,0.0,False
tweet_id:1920716711478641126,bam aquino,for,Enjoyment,InFavor,0.8,False
tweet_id:1920716711478641126,kiko pangilinan,for,Enjoyment,InFavor,0.8,False
tweet_id:1920675663301779810,,,Neutral,Unsure,0.0,True
tweet_id:1920670224874934426,,,Neutral,Unsure,0.5,False
tweet_id:1920668362859749835,,Kandidatong,Anger,Opposedto,-0.8,False
tweet_id:1920576280593944839,,Boplaks,Contempt,Opposedto,-0.5,False
tweet_id:1920509390848729523,,,Neutral,Unsure,0.0,True
tweet_id:1920509002896847294,,,Neutral,Unsure,0.0,True
tweet_id:1920503320470565198,bam aquino,manalo,Enjoyment,InFavor,0.8,False
tweet_id:1920503320470565198,kiko pangilinan,manalo,Enjoyment,InFavor,0.8,False
tweet_id:1920481410865115158,bam aquino,sama-sama,Enjoyment,InFavor,0.8,False
tweet_id:1920481410865115158,kiko pangilinan,sama-sama,Enjoyment,InFavor,0.8,False
tweet_id:1920452416433959006,duterte youth,red-tagging,Contempt,Opposedto,-0.8,False
tweet_id:1920451415119372799,kiko pangilinan,top,Enjoyment,InFavor,0.8,False
tweet_id:1920451415119372799,bam aquino,top,Enjoyment,InFavor,0.8,False
tweet_id:1920451415119372799,heidi mendoza,top,Enjoyment,InFavor,0.8,False
tweet_id:1920451415119372799,luke espiritu,top,Enjoyment,InFavor,0.8,False
tweet_id:1920429998160093378,bam aquino,Top,Enjoyment,InFavor,0.8,False
tweet_id:1920429998160093378,kiko pangilinan,Top,Enjoyment,InFavor,0.8,False
tweet_id:1920419231407222821,,,Contempt,Unsure,-0.5,False
tweet_id:1920360147353817109,bam aquino,DAPAT,Enjoyment,InFavor,0.8,False
tweet_id:1920360147353817109,kiko pangilinan,DAPAT,Enjoyment,InFavor,0.8,False
tweet_id:1920353534777708683,bam aquino,Boto,Neutral,InFavor,0.5,False
tweet_id:1920353534777708683,kiko pangilinan,Boto,Neutral,InFavor,0.5,False
tweet_id:1920353534777708683,ml,Partylist,Neutral,InFavor,0.5,False
tweet_id:1920348187304271880,,,Sadness,Unsure,-0.5,True
tweet_id:1920298070157230484,,,Disgust,Opposedto,-0.8,False
tweet_id:1920298070157230484,,Disqualified,Disgust,Opposedto,-0.9,False
tweet_id:1920291816794214721,pbbm,kinansela,Contempt,Opposedto,-0.8,False
tweet_id:1920278722332041593,kiko pangilinan,proud,Enjoyment,InFavor,0.8,False
tweet_id:1920223866019840061,,nagpahirap,Anger,Opposedto,-1.0,False
tweet_id:1920214754003726405,bam aquino,,Neutral,Unsure,0.0,False
tweet_id:1920214754003726405,ronnel arambulo,,Neutral,Unsure,0.0,False
tweet_id:1920214754003726405,roberto ballon,,Neutral,Unsure,0.0,False
tweet_id:1920214754003726405,arlene brosas,,Neutral,Unsure,0.0,False
tweet_id:1920214754003726405,france castro,,Neutral,Unsure,0.0,False
tweet_id:1920214754003726405,david d'angelo,,Neutral,Unsure,0.0,False
tweet_id:1920214754003726405,luke espiritu,,Neutral,Unsure,0.0,False
tweet_id:1920214754003726405,sonny matula,,Neutral,Unsure,0.0,False
tweet_id:1920214754003726405,heidi mendoza,,Neutral,Unsure,0.0,False
tweet_id:1920214754003726405,kiko pangilinan,,Neutral,Unsure,0.0,False
tweet_id:1920214754003726405,danilo ramos,,Neutral,Unsure,0.0,False
tweet_id:1920162670789210282,akbayan,batas,Enjoyment,InFavor,0.8,False
tweet_id:1920145913563255243,bam aquino,Senador,Neutral,InFavor,0.5,False
tweet_id:1920145913563255243,kiko pangilinan,Senador,Neutral,InFavor,0.5,False
tweet_id:1920145913563255243,makabayan,,Neutral,InFavor,0.5,False
tweet_id:1920142546627621345,kiko pangilinan,tama,Enjoyment,InFavor,0.8,False
tweet_id:1920139921261817902,kiko pangilinan,successful,Enjoyment,InFavor,0.8,False
tweet_id:1920135027607716234,,,Neutral,Unsure,0.5,False
tweet_id:1920122618268795374,kiko pangilinan,Pogi,Enjoyment,InFavor,0.8,False
tweet_id:1920105271659299256,,,Enjoyment,InFavor,0.8,False
tweet_id:1920101317311168724,,,Contempt,Unsure,0.2,True
tweet_id:1920097911251378221,,,Neutral,InFavor,0.5,False
tweet_id:1920090131035537545,kiko pangilinan,Miting,Enjoyment,InFavor,0.8,False
tweet_id:1920086229216841823,imee marcos,hypocrisy,Anger,Opposedto,-0.8,False
tweet_id:1920084233663492408,kiko pangilinan,courts,Neutral,InFavor,0.5,False
tweet_id:1920061261984764220,bayan muna,Day,Neutral,InFavor,0.5,False
tweet_id:1920061261984764220,makabayan,Coalition,Neutral,InFavor,0.5,False
tweet_id:1920030438841843958,,,Contempt,Opposedto,-0.8,False
tweet_id:1920030438841843958,,losing,Disgust,Opposedto,-0.7,False
tweet_id:1920030438841843958,,,Neutral,Unsure,0.0,True
tweet_id:1920020012149919776,bam aquino,,Neutral,InFavor,0.5,False
tweet_id:1920020012149919776,kiko pangilinan,,Neutral,InFavor,0.5,False
tweet_id:1920020012149919776,heidi mendoza,,Neutral,InFavor,0.5,False
tweet_id:1920020012149919776,luke espiritu,,Neutral,InFavor,0.5,False
tweet_id:1920009276585619760,bam aquino,SOLID,Enjoyment,InFavor,0.8,False
tweet_id:1920009276585619760,kiko pangilinan,SOLID,Enjoyment,InFavor,0.8,False
tweet_id:1919994453218976220,bam aquino,,Neutral,InFavor,0.8,False
tweet_id:1919994453218976220,kiko pangilinan,,Neutral,InFavor,0.8,False
tweet_id:1919993103483580753,bam aquino,POWER,Enjoyment,InFavor,0.8,False
tweet_id:1919993103483580753,kiko pangilinan,POWER,Enjoyment,InFavor,0.8,False
tweet_id:1919993103483580753,ml,,Neutral,InFavor,0.5,False
tweet_id:1919966812655255689,,,Neutral,Unsure,0.0,True
tweet_id:1919964766908416480,heidi mendoza,Bobo,Contempt,Opposedto,-0.8,False
tweet_id:1919964766908416480,bbm,,Neutral,InFavor,0.5,False
tweet_id:1919964766908416480,duterte youth,Bobo,Contempt,Opposedto,-0.8,False
tweet_id:1919954501689344273,bam aquino,,Enjoyment,InFavor,0.8,False
tweet_id:1919954501689344273,kiko pangilinan,,Enjoyment,InFavor,0.8,False
tweet_id:1919954501689344273,ml,,Neutral,InFavor,0.5,False
tweet_id:1919953086984159497,erwin tulfo,likely,Neutral,InFavor,0.5,False
tweet_id:1919953086984159497,kiko pangilinan,likely,Neutral,InFavor,0.5,False
tweet_id:1919952390930710672,kiko pangilinan,prinsipyo,Enjoyment,InFavor,0.8,False
tweet_id:1919951116152013255,kiko pangilinan,chance,Neutral,Unsure,0.0,False
tweet_id:1919951116152013255,tito sotto,term,Enjoyment,InFavor,0.8,False
tweet_id:1919922180692824242,,,Anger,Opposedto,-0.8,False
tweet_id:1919754845764132997,bam aquino,Kakampinks,Enjoyment,InFavor,0.8,False
tweet_id:1919754845764132997,kiko pangilinan,Kakampinks,Enjoyment,InFavor,0.8,False
tweet_id:1919749632562802800,bam aquino,,Neutral,InFavor,0.5,False
tweet_id:1919743694380388735,bam aquino,Karapat,Enjoyment,InFavor,0.8,False
tweet_id:1919739378198315193,,,Neutral,Unsure,0.0,True
tweet_id:1919708727352930531,,,Neutral,Unsure,0.5,False
tweet_id:1919694144764829935,,,Neutral,Unsure,0.0,True
tweet_id:1919692836632723679,,politiko,Anger,Opposedto,-0.8,False
tweet_id:1919692836632723679,,tapat,Neutral,InFavor,0.5,False
tweet_id:1919687036853735797,duterte youth,Kulto,Contempt,Opposedto,-0.8,False
tweet_id:1919680987639722173,bam aquino,Kakampink,Enjoyment,InFavor,0.8,False
tweet_id:1919680987639722173,kiko pangilinan,Kakampink,Enjoyment,InFavor,0.8,False
tweet_id:1919674748256321705,kiko pangilinan,iboto,Neutral,InFavor,0.5,False
tweet_id:1919638365240230028,makabayan,progresibong,Anger,InFavor,0.5,False
tweet_id:1919633773848899988,phillip salvador,presidency,Contempt,Opposedto,-0.8,True
tweet_id:1919631813481529658,,,Neutral,Unsure,0.0,True
tweet_id:1919619767595569288,bam aquino,,Neutral,InFavor,0.5,False
tweet_id:1919619767595569288,kiko pangilinan,,Neutral,InFavor,0.5,False
tweet_id:1919619767289434416,,,Neutral,Unsure,0.0,True
tweet_id:1919594990612971998,,,Neutral,Unsure,0.0,False
tweet_id:1919594099486949491,kiko pangilinan,Kailangan,Neutral,InFavor,0.8,False
tweet_id:1919594099486949491,bam aquino,Kailangan,Neutral,InFavor,0.8,False
tweet_id:1919591279844815122,kiko pangilinan,black,Contempt,Opposedto,-0.8,False
tweet_id:1919591279844815122,duterte youth,trolls,Anger,Opposedto,-0.9,False
tweet_id:1919591279844815122,,,Neutral,Unsure,0.0,False
tweet_id:1919583153959928218,erwin tulfo,top,Neutral,InFavor,0.5,False
tweet_id:1919583153959928218,bong go,top,Neutral,InFavor,0.5,False
tweet_id:1919583153959928218,act-cis,top,Neutral,InFavor,0.5,False
tweet_id:1919572788576452852,,,Neutral,Unsure,0.0,True
tweet_id:1919426033889263849,duterte youth,Legacy,Contempt,Opposedto,-0.8,False
tweet_id:1919365072142401927,makabayan,demokrasya,Neutral,InFavor,0.5,False
tweet_id:1919317204723708203,,,Neutral,Unsure,0.0,True
tweet_id:1919305368875782468,bam aquino,favorite,Enjoyment,InFavor,0.8,False
tweet_id:1919293369248887200,phillip salvador,guaranteed,Contempt,InFavor,-0.5,False
tweet_id:1919281621754085780,,,Contempt,Opposedto,-0.8,True
tweet_id:1919278385693372486,bong go,frontrunner,Neutral,InFavor,0.5,False
tweet_id:1919278206491955356,,,Anger,Unsure,-0.5,False
tweet_id:1919277791671099586,,,Neutral,Unsure,0.0,True
tweet_id:1919269547326022059,,,Contempt,Unsure,-0.5,True
tweet_id:1919266913685025079,,,Neutral,Unsure,0.0,False
tweet_id:1919265019818062278,duterte youth,Legacy,Contempt,Opposedto,-0.8,False
tweet_id:1919236776180261059,kiko pangilinan,manalo,Neutral,InFavor,0.5,False
tweet_id:1919234881172676766,duterte youth,,Neutral,Unsure,0.0,False
tweet_id:1919234881172676766,,former,Neutral,Unsure,0.0,False
tweet_id:1919233860262342898,bam aquino,,Neutral,InFavor,0.5,False
tweet_id:1919233860262342898,kiko pangilinan,,Neutral,InFavor,0.5,False
tweet_id:1919207047213498834,bong revilla,corrupt,Disgust,Opposedto,-0.8,False
tweet_id:1919207047213498834,manny pacquiao,absentee,Contempt,Opposedto,-0.7,False
tweet_id:1919018366745919849,bam aquino,alam,Neutral,InFavor,0.5,False
tweet_id:1919018366745919849,kiko pangilinan,alam,Neutral,InFavor,0.5,False
tweet_id:1918986113189867828,kiko pangilinan,Tapat,Enjoyment,InFavor,0.8,False
tweet_id:1918983777495183707,bam aquino,iboto,Enjoyment,InFavor,0.8,False
tweet_id:1918983777495183707,kiko pangilinan,iboto,Enjoyment,InFavor,0.8,False
tweet_id:1918978599207788703,bam aquino,suporta,Enjoyment,InFavor,0.8,False
tweet_id:1918978599207788703,kiko pangilinan,suporta,Enjoyment,InFavor,0.8,False
tweet_id:1918978599207788703,ml,,Neutral,InFavor,0.5,False
tweet_id:1918973696514928680,bam aquino,magagawa,Enjoyment,InFavor,0.8,False
tweet_id:1918973696514928680,kiko pangilinan,magagawa,Enjoyment,InFavor,0.8,False
tweet_id:1918931665981669587,bam aquino,Ipanalo,Enjoyment,InFavor,0.8,False
tweet_id:1918931665981669587,kiko pangilinan,Ipanalo,Enjoyment,InFavor,0.8,False
tweet_id:1918930387260092637,kiko pangilinan,kakampi,Enjoyment,InFavor,0.8,False
tweet_id:1918930387260092637,bam aquino,kakampi,Enjoyment,InFavor,0.8,False
tweet_id:1918922593958055984,ml,Partylist,Enjoyment,InFavor,0.8,False
tweet_id:1918922593958055984,,Gobyerno,Enjoyment,InFavor,0.8,False
tweet_id:1918902275625660847,bam aquino,sila,Neutral,InFavor,0.5,False
tweet_id:1918902275625660847,kiko pangilinan,sila,Neutral,InFavor,0.5,False
tweet_id:1918902098718007783,bam aquino,,Neutral,InFavor,0.8,False
tweet_id:1918902098718007783,kiko pangilinan,,Neutral,InFavor,0.8,False
tweet_id:1918832141657600371,kiko pangilinan,Panalo,Enjoyment,InFavor,0.8,False
tweet_id:1918832141657600371,bam aquino,Panalo,Enjoyment,InFavor,0.8,False
tweet_id:1918802757521457404,,,Neutral,Unsure,0.0,True
tweet_id:1918661144517963873,,,Neutral,Unsure,0.0,True
tweet_id:1918624480391512229,kiko pangilinan,IPAPANALO,Enjoyment,InFavor,0.8,False
tweet_id:1918624480391512229,bam aquino,IPAPANALO,Enjoyment,InFavor,0.8,False
tweet_id:1918624480391512229,ml,IPAPANALO,Enjoyment,InFavor,0.8,False
tweet_id:1918622873104867509,bam aquino,Power,Enjoyment,InFavor,0.8,False
tweet_id:1918622873104867509,kiko pangilinan,Power,Enjoyment,InFavor,0.8,False
tweet_id:1918622873104867509,ml,Power,Enjoyment,InFavor,0.8,False
tweet_id:1918583809366474939,imee marcos,Senador,Anger,InFavor,0.5,False
tweet_id:1918349075927154782,,,Neutral,Unsure,0.5,True
tweet_id:1918209834345980402,,abusado,Anger,Opposedto,-0.8,False
tweet_id:1918170403039834171,health workers,partylist,Enjoyment,InFavor,0.8,False
tweet_id:1918170403039834171,jocelyn andamo,senado,Enjoyment,InFavor,0.8,False
tweet_id:1918109977434091829,,,Contempt,Opposedto,-0.5,False
tweet_id:1917791087273390471,,,Neutral,Unsure,0.0,True
tweet_id:1917481610913657324,,,Neutral,Unsure,0.0,True
tweet_id:1917468850670690377,,tapat,Enjoyment,InFavor,0.8,False
tweet_id:1917467636235132951,,,Neutral,Unsure,0.0,True
tweet_id:1917434317015506978,,,Anger,Opposedto,-0.5,True
tweet_id:1917434317015506978,,disqualification,Anger,InFavor,0.3,False
tweet_id:1917434317015506978,,textblast,Contempt,Opposedto,-0.7,False
tweet_id:1917423640729248106,roberto ballon,Musketeer,Enjoyment,InFavor,0.8,False
tweet_id:1917423640729248106,david d'angelo,Musketeer,Enjoyment,InFavor,0.8,False
tweet_id:1917423640729248106,sonny matula,Musketeer,Enjoyment,InFavor,0.8,False
tweet_id:1917418691995787662,francis tolentino,believes,Contempt,InFavor,0.2,False
tweet_id:1917375939144515918,,,Neutral,Unsure,0.0,False
tweet_id:1917353203630305776,,,Neutral,Unsure,0.0,True
tweet_id:1917347653853274160,,,Neutral,Unsure,0.0,True
tweet_id:1917252768563400816,,,Neutral,InFavor,0.5,False
tweet_id:1917130391011659880,4ps,PULPOLITIKO,Contempt,Opposedto,-0.8,False
tweet_id:1917130391011659880,tupad,PULPOLITIKO,Contempt,Opposedto,-0.8,False
tweet_id:1916986840244183448,heidi mendoza,CORRUPTION,Enjoyment,InFavor,0.8,False
tweet_id:1916831415880261771,,,Neutral,Unsure,0.0,True
tweet_id:1916810877677736311,,,Neutral,Unsure,0.0,True
tweet_id:1916788988515631438,4ps,top,Neutral,InFavor,0.5,False
tweet_id:1916788988515631438,malasakit@bayanihan,leads,Neutral,InFavor,0.5,False
tweet_id:1916788988515631438,duterte youth,tops,Neutral,InFavor,0.5,False
tweet_id:1916747684633067933,,,Neutral,Unsure,0.5,False
tweet_id:1916671368491307140,duterte youth,Traydor,Anger,Opposedto,-0.8,False
tweet_id:1916669410598650205,kiko pangilinan,representasyon,Enjoyment,InFavor,0.8,False
tweet_id:1916448107895918680,,,Neutral,Unsure,0.2,False
tweet_id:1916385270892540137,rodante marcoleta,,Contempt,Unsure,-0.5,False
tweet_id:1916385270892540137,manny pacquiao,,Contempt,Unsure,-0.5,False
tweet_id:1916385270892540137,benhur abalos,,Contempt,Unsure,-0.5,False
tweet_id:1916385270892540137,kiko pangilinan,,Contempt,Unsure,-0.5,False
tweet_id:1916385270892540137,bam aquino,,Contempt,Unsure,-0.5,False
tweet_id:1916346491888926987,,,Neutral,Unsure,0.0,False
tweet_id:1916313348502675465,,,Neutral,Unsure,0.0,True
tweet_id:1916281224173171087,camille villar,,Neutral,Unsure,0.0,False
tweet_id:1915911628064960595,,opposition,Neutral,Opposedto,-0.5,False
tweet_id:1915911628064960595,,leader,Neutral,InFavor,0.5,False
tweet_id:1915911628064960595,,endorsements,Neutral,Unsure,0.0,False
tweet_id:1915888664225128721,,,Contempt,Opposedto,-0.5,False
tweet_id:1915888664225128721,lito lapid,dynasty,Contempt,Opposedto,-0.8,False
tweet_id:1915767771633222039,,maka-China,Contempt,Opposedto,-0.5,False
tweet_id:1915767771633222039,,pambato,Neutral,InFavor,0.5,False
tweet_id:1915717098560487670,erwin tulfo,top,Neutral,InFavor,0.5,False
tweet_id:1915717098560487670,bong go,led,Neutral,InFavor,0.5,False
tweet_id:1915717098560487670,act-cis,,Neutral,Unsure,0.0,False
tweet_id:1915709761766756353,,,Neutral,Unsure,0.0,False
tweet_id:1915647327089660319,bam aquino,Ipanalo,Enjoyment,InFavor,0.8,False
tweet_id:1915647327089660319,kiko pangilinan,Ipanalo,Enjoyment,InFavor,0.8,False
tweet_id:1915633116598710477,,,Anger,Unsure,-0.5,True
tweet_id:1915584821352333740,bam aquino,,Neutral,InFavor,0.5,False
tweet_id:1915584821352333740,kiko pangilinan,,Neutral,InFavor,0.5,False
tweet_id:1915572343889629674,france castro,Tunay,Enjoyment,InFavor,0.8,False
tweet_id:1915572343889629674,act teachers,Tinig,Enjoyment,InFavor,0.8,False
tweet_id:1915544796170731950,bam aquino,,Neutral,InFavor,0.5,False
tweet_id:1915544796170731950,kiko pangilinan,,Neutral,InFavor,0.5,False
tweet_id:1915544796170731950,imee marcos,,Neutral,Opposedto,-0.5,False
tweet_id:1915544796170731950,camille villar,,Neutral,Opposedto,-0.5,False
tweet_id:1915415393377857881,imee marcos,teased,Enjoyment,InFavor,0.5,False
tweet_id:1915412734021140641,,China,Contempt,Opposedto,-0.8,False
tweet_id:1915412734021140641,,China,Contempt,Opposedto,-0.9,False
tweet_id:1915398187923497093,duterte youth,nambaboy,Anger,Opposedto,-0.8,False
tweet_id:1915346865467294184,,,Enjoyment,InFavor,0.8,True
tweet_id:1915341219103924710,,,Neutral,Unsure,0.0,True
tweet_id:1915336189139378471,,,Neutral,Unsure,0.0,True
tweet_id:1915320338814054568,,,Neutral,Unsure,0.0,True
tweet_id:1915311013223870839,heidi mendoza,CAMPAIGN,Neutral,InFavor,0.8,False
tweet_id:1915299858233385004,,bet,Neutral,Unsure,0.0,False
tweet_id:1915299858233385004,,,Neutral,Unsure,0.0,False
tweet_id:1915299858233385004,,Mayor,Neutral,Unsure,0.0,False
tweet_id:1915297504259875068,,,Neutral,Unsure,0.0,True
tweet_id:1915272159057895547,duterte youth,,Contempt,Opposedto,-0.8,False
tweet_id:1915272159057895547,,,Disgust,Unsure,-0.5,False
tweet_id:1915271163573657680,bong revilla,,Surprise,Unsure,0.0,False
tweet_id:1915255041868677521,duterte youth,Pro,Anger,Opposedto,-0.8,False
tweet_id:1915255041868677521,,,Anger,Opposedto,-0.8,False
tweet_id:1915247457224827218,,,Neutral,Unsure,0.0,True
tweet_id:1915178873572253834,,,Neutral,Unsure,0.0,True
tweet_id:1914928473207955685,,,Neutral,Unsure,0.0,True
tweet_id:1914897697410277636,camille villar,vote-buying,Contempt,Opposedto,-0.8,False
tweet_id:1914861784357634461,,,Neutral,Unsure,0.0,True
tweet_id:1914825142561353946,,,Neutral,Unsure,0.0,True
tweet_id:1914719422146863186,duterte youth,hipokrito,Contempt,Opposedto,-0.8,False
tweet_id:1914719422146863186,,,Neutral,Unsure,0.0,False
tweet_id:1914719422146863186,,hipokrito,Contempt,Opposedto,-0.8,False
tweet_id:1914634269802291647,,,Neutral,Unsure,0.0,False
tweet_id:1914568285158330595,camille villar,alleged,Contempt,Opposedto,-0.5,False
tweet_id:1914563400052416670,camille villar,vote,Contempt,Opposedto,-0.5,False
tweet_id:1914562666766733313,camille villar,vote-buying,Contempt,Opposedto,-0.5,False
tweet_id:1914520405261303820,,,Disgust,Opposedto,-0.8,True
tweet_id:1914325179859341442,,proud,Enjoyment,InFavor,0.8,False
tweet_id:1914318798406160504,ipatupad,,Neutral,InFavor,0.5,False
tweet_id:1914315564216115615,,,Surprise,Unsure,0.5,True
tweet_id:1914311911107141748,bayan muna,,Neutral,Unsure,0.0,True
tweet_id:1914308877459554382,,,Contempt,Opposedto,-0.5,True
tweet_id:1914306689601507731,,ganda,Enjoyment,InFavor,0.8,True
tweet_id:1914304231659704788,,,Neutral,Unsure,0.0,True
tweet_id:1914304093905994132,,pagbabago,Neutral,InFavor,0.5,False
tweet_id:1914301377104449728,,,Enjoyment,InFavor,0.8,True
tweet_id:1914300337189687643,,,Enjoyment,InFavor,0.8,True
tweet_id:1914297613140283821,,,Enjoyment,Unsure,0.5,True
tweet_id:1914295350288126352,,,Enjoyment,Unsure,0.8,True
tweet_id:1914294824301367615,,,Neutral,Unsure,0.0,True
tweet_id:1914292933496619279,,,Neutral,Unsure,0.0,True
tweet_id:1914287890852401459,kabataan,Pagbabago,Enjoyment,InFavor,0.8,False
tweet_id:1914285764072132662,,,Neutral,Unsure,0.0,True
tweet_id:1914265913727369405,,,Neutral,Unsure,0.0,True
tweet_id:1914250256453410832,,,Neutral,Unsure,0.0,True
tweet_id:1914137125106405447,,,Enjoyment,InFavor,0.8,True
tweet_id:1914091712156500065,,,Neutral,Unsure,0.0,True
tweet_id:1913951674785571163,,,Neutral,Unsure,0.0,True
tweet_id:1913939832323158262,,,Neutral,Unsure,0.0,True
tweet_id:1913936668685701563,,,Neutral,Unsure,0.0,True
tweet_id:1913850121818935549,,,Neutral,Unsure,0.0,False
tweet_id:1913785414542057586,heidi mendoza,Senadora,Enjoyment,InFavor,0.8,False
tweet_id:1913529771348341103,,,Enjoyment,Unsure,0.5,True
tweet_id:1913506649219756451,,,Neutral,Unsure,0.0,True
tweet_id:1913487883039605173,,,Neutral,Unsure,0.0,False
tweet_id:1827997041433493810,makabayan,progressive,Neutral,InFavor,0.5,False
tweet_id:1890139273422381083,,,Neutral,Unsure,0.0,True
tweet_id:1844146520121352440,,,Neutral,Unsure,0.0,True
tweet_id:1877596483559489894,,,Neutral,Unsure,0.0,True
tweet_id:1911555920989159715,,,Neutral,Unsure,0.0,True
tweet_id:1918511432880058375,,,Neutral,Unsure,0.0,True
tweet_id:1911596214505886006,,,Neutral,Unsure,0.5,True
tweet_id:1905100212995059957,,,Neutral,Unsure,0.0,True
tweet_id:1839159432690937976,bayan muna,Opposition,Neutral,InFavor,0.5,False
tweet_id:1839159432690937976,magdalo,Opposition,Neutral,InFavor,0.5,False
tweet_id:1839159432690937976,gabriela,Opposition,Neutral,InFavor,0.5,False
tweet_id:1906935542346043671,,,Neutral,Unsure,0.0,True
tweet_id:1876456471707496505,,,Neutral,Unsure,0.0,True
tweet_id:1914633651364749529,kiko pangilinan,senatorial,Neutral,InFavor,0.5,False
tweet_id:1914633651364749529,bam aquino,senatorial,Neutral,InFavor,0.5,False
tweet_id:1877551185768694030,,,Neutral,Unsure,0.0,True
tweet_id:1891001426199072871,kabataan,,Neutral,InFavor,0.5,False
tweet_id:1891001426199072871,,,Enjoyment,Unsure,0.8,False
tweet_id:1899744373971263890,,,Neutral,Unsure,0.0,True
tweet_id:1889150847051067652,bam aquino,,Neutral,InFavor,0.5,False
tweet_id:1889150847051067652,heidi mendoza,,Neutral,InFavor,0.5,False
tweet_id:1889150847051067652,kiko pangilinan,,Neutral,InFavor,0.5,False
tweet_id:1889150847051067652,ml,,Neutral,InFavor,0.5,False
tweet_id:1889150847051067652,akbayan,,Neutral,InFavor,0.5,False
tweet_id:1920333410133844389,,,Contempt,Opposedto,-0.8,True
tweet_id:1920331395316035782,,,Anger,Opposedto,-0.8,True
tweet_id:1920310184586723441,,,Neutral,Unsure,0.0,True
tweet_id:1913158071779729805,makabayan,panalo,Enjoyment,InFavor,0.8,False
tweet_id:1913157639883886861,duterte youth,SOLID,Enjoyment,InFavor,0.8,False
tweet_id:1913157639883886861,francis tolentino,,Enjoyment,InFavor,0.8,False
tweet_id:1913005805265403926,,,Neutral,Unsure,0.0,True
tweet_id:1912894468560425414,,,Neutral,Unsure,0.0,True
tweet_id:1912860972404097503,roberto ballon,livelihood,Enjoyment,InFavor,0.8,False
tweet_id:1912811439947202685,,,Anger,Unsure,-0.8,True
tweet_id:1912528580690735213,,pagbabago,Enjoyment,InFavor,0.8,False
tweet_id:1912506923058098546,imee marcos,campaign,Contempt,Opposedto,-0.8,False
tweet_id:1912477695080059153,,,Neutral,Unsure,0.0,True
tweet_id:1912476077597040971,,pagbabago,Enjoyment,InFavor,0.8,False
tweet_id:1912470403693371491,,,Neutral,Unsure,0.0,True
tweet_id:1912467106286927922,duterte youth,,Anger,InFavor,0.5,False
tweet_id:1912467106286927922,,budol,Anger,Opposedto,-0.8,False
tweet_id:1912457898548191335,,,Neutral,Unsure,0.5,False
tweet_id:1912457263983272425,kiko pangilinan,formula,Neutral,InFavor,0.5,False
tweet_id:1912457263983272425,bam aquino,formula,Neutral,InFavor,0.5,False
tweet_id:1912449777515778218,,,Neutral,Unsure,0.0,True
tweet_id:1912426648692990239,,,Neutral,Unsure,0.0,True
tweet_id:1912421470342639692,,,Neutral,Unsure,0.0,True
tweet_id:1912415670811390007,,,Neutral,Unsure,0.0,True
tweet_id:1912370367097643301,,,Neutral,Unsure,0.5,False
tweet_id:1912354456181842211,,disqualification,Contempt,Opposedto,-0.8,True
tweet_id:1912351346596204992,,,Neutral,Unsure,0.0,True
tweet_id:1912343366475690461,,,Neutral,Unsure,0.0,True
tweet_id:1912174902964342910,heidi mendoza,PO,Enjoyment,InFavor,0.8,False
tweet_id:1912133701191995575,,simula,Neutral,InFavor,0.5,False
tweet_id:1912133261427613824,,,Neutral,Unsure,0.5,False
tweet_id:1912079159121285535,,,Neutral,Unsure,0.0,True
tweet_id:1912053776040554522,,pagbabago,Neutral,InFavor,0.5,False
tweet_id:1912021737484542248,,,Neutral,Unsure,0.5,True
tweet_id:1912009512569196996,,simula,Neutral,InFavor,0.5,False
tweet_id:1911945364711846217,heidi mendoza,Slayer,Enjoyment,InFavor,0.8,False
tweet_id:1911816522395533351,ml,Leila,Enjoyment,InFavor,0.8,False
tweet_id:1911815004913123666,kiko pangilinan,Pangako,Contempt,InFavor,0.5,False
tweet_id:1911815004913123666,bam aquino,Pangako,Contempt,InFavor,0.5,False
tweet_id:1911771550669570428,imee marcos,Mabuhay,Enjoyment,InFavor,0.8,False
tweet_id:1911747968111091854,kiko pangilinan,ipanalo,Enjoyment,InFavor,0.8,False
tweet_id:1911747968111091854,bam aquino,ipanalo,Enjoyment,InFavor,0.8,False
tweet_id:1911741801020395935,p3pwd,supporting,Neutral,InFavor,0.5,False
tweet_id:1911741801020395935,,same,Neutral,InFavor,0.5,False
tweet_id:1911727380240146575,imee marcos,endorses,Neutral,InFavor,0.5,False
tweet_id:1911718027059740735,heidi mendoza,Ma'am,Enjoyment,InFavor,0.8,False
tweet_id:1911656998602481825,camille villar,promised,Neutral,InFavor,0.5,False
tweet_id:1911656998602481825,imee marcos,,Neutral,Unsure,0.0,False
tweet_id:1911404160198525135,heidi mendoza,governance,Enjoyment,InFavor,0.8,False
tweet_id:1911391992828788815,heidi mendoza,good,Enjoyment,InFavor,0.8,False
tweet_id:1911273421872435341,bong revilla,admin,Neutral,InFavor,0.5,False
tweet_id:1911273421872435341,pia cayetano,admin,Neutral,InFavor,0.5,False
tweet_id:1911273421872435341,panfilo lacson,admin,Neutral,InFavor,0.5,False
tweet_id:1911273421872435341,manny pacquiao,admin,Neutral,InFavor,0.5,False
tweet_id:1911273421872435341,tito sotto,admin,Neutral,InFavor,0.5,False
tweet_id:1911273421872435341,francis tolentino,admin,Neutral,InFavor,0.5,False
tweet_id:1911273421872435341,camille villar,admin,Neutral,InFavor,0.5,False
tweet_id:1911273421872435341,benhur abalos,admin,Neutral,InFavor,0.5,False
tweet_id:1911273421872435341,abigail binay,,Neutral,Unsure,0.0,False
tweet_id:1911273421872435341,lito lapid,,Neutral,Unsure,0.0,False
tweet_id:1911273421872435341,erwin tulfo,,Neutral,Unsure,0.0,False
tweet_id:1911273421872435341,kiko pangilinan,,Neutral,Unsure,0.0,False
tweet_id:1911273421872435341,bam aquino,,Neutral,Unsure,0.0,False
tweet_id:1911249264128188848,kiko pangilinan,,Neutral,InFavor,0.5,False
tweet_id:1911232198323118469,kiko pangilinan,willing,Neutral,InFavor,0.5,False
tweet_id:1911015344384209087,kiko pangilinan,endorses,Neutral,InFavor,0.5,False
tweet_id:1911015344384209087,bam aquino,endorses,Neutral,InFavor,0.5,False
tweet_id:1911015344384209087,luke espiritu,endorses,Neutral,InFavor,0.5,False
tweet_id:1911015344384209087,heidi mendoza,endorses,Neutral,InFavor,0.5,False
tweet_id:1911015344384209087,arlene brosas,endorses,Neutral,InFavor,0.5,False
tweet_id:1911015344384209087,sonny matula,endorses,Neutral,InFavor,0.5,False
tweet_id:1911015344384209087,leody de guzman,endorses,Neutral,InFavor,0.5,False
tweet_id:1911015344384209087,ronnel arambulo,endorses,Neutral,InFavor,0.5,False
tweet_id:1911015344384209087,danilo ramos,endorses,Neutral,InFavor,0.5,False
tweet_id:1910994251971801135,bong go,arrests,Anger,Opposedto,-0.8,False
tweet_id:1910994251971801135,ronald dela rosa,arrests,Anger,Opposedto,-0.8,False
tweet_id:1910954861451239626,bam aquino,Senador,Enjoyment,InFavor,0.8,False
tweet_id:1910954861451239626,kiko pangilinan,Senador,Enjoyment,InFavor,0.8,False
tweet_id:1910882439985262808,france castro,suportahan,Enjoyment,InFavor,0.8,False
tweet_id:1910882439985262808,makabayan,koalisyon,Neutral,InFavor,0.5,False
tweet_id:1910845022989099434,bong go,legacy,Contempt,Opposedto,-0.8,False
tweet_id:1910845022989099434,duterte youth,,Contempt,Opposedto,-0.8,False
tweet_id:1910545293893914892,,SINUNGALING,Contempt,Opposedto,-1.0,False
tweet_id:1910529679813206128,willie revillame,sirang,Anger,InFavor,-0.8,False
tweet_id:1910529679813206128,,,Anger,Opposedto,-0.8,False
tweet_id:1910498037849624591,,,Neutral,Unsure,0.0,True
tweet_id:1910347947231068665,kiko pangilinan,MAGAGAWA,Enjoyment,InFavor,0.8,False
tweet_id:1910347947231068665,bam aquino,MAGAGAWA,Enjoyment,InFavor,0.8,False
tweet_id:1910266423391478137,,,Sadness,Unsure,-0.5,True
tweet_id:1910250262134157742,heidi mendoza,inutil,Anger,Opposedto,-0.8,False
tweet_id:1910183684067705062,,,Contempt,Opposedto,-0.8,True
tweet_id:1910183684067705062,,smear,Anger,Opposedto,-0.9,False
tweet_id:1910183684067705062,,exploited,Sadness,InFavor,0.7,False
tweet_id:1910180442998964461,bam aquino,confident,Sadness,Unsure,-0.5,False
tweet_id:1910180442998964461,kiko pangilinan,confident,Sadness,Unsure,-0.5,False
tweet_id:1910164422930370732,tito sotto,,Neutral,Unsure,0.0,False
tweet_id:1910164422930370732,,,Neutral,Unsure,0.0,False
tweet_id:1910164183477629074,kiko pangilinan,,Neutral,InFavor,0.5,False
tweet_id:1910164183477629074,bam aquino,,Neutral,InFavor,0.5,False
tweet_id:1909977097378165162,,,Sadness,Unsure,-0.5,True
tweet_id:1909906378740953334,bam aquino,BLOCK,Anger,InFavor,0.5,False
tweet_id:1909906378740953334,kiko pangilinan,BLOCK,Anger,InFavor,0.5,False
tweet_id:1909882345211281904,bam aquino,,Neutral,InFavor,0.5,False
tweet_id:1909882345211281904,roberto ballon,,Neutral,InFavor,0.5,False
tweet_id:1909882345211281904,luke espiritu,,Neutral,InFavor,0.5,False
tweet_id:1909882345211281904,sonny matula,,Neutral,InFavor,0.5,False
tweet_id:1909882345211281904,kiko pangilinan,,Neutral,InFavor,0.5,False
tweet_id:1909882345211281904,danilo ramos,,Neutral,InFavor,0.5,False
tweet_id:1909872794047009279,bam aquino,,Neutral,InFavor,1.0,False
tweet_id:1909872794047009279,kiko pangilinan,,Neutral,InFavor,1.0,False
tweet_id:1909869373113892987,heidi mendoza,apprehensions,Fear,Unsure,-0.5,False
tweet_id:1909869373113892987,,,Neutral,Unsure,0.0,False
tweet_id:1909833249397801269,makabayan,babae,Neutral,InFavor,0.5,False
tweet_id:1909805800110911903,bam aquino,seryoso,Neutral,InFavor,0.5,False
tweet_id:1909805800110911903,,,Neutral,InFavor,0.5,False
tweet_id:1909789365376893388,kiko pangilinan,winning,Neutral,InFavor,0.5,False
tweet_id:1909789365376893388,bam aquino,winning,Neutral,InFavor,0.5,False
tweet_id:1909789365376893388,heidi mendoza,setting,Neutral,Unsure,0.0,False
tweet_id:1909786192142639448,,,Contempt,Opposedto,-0.5,True
tweet_id:1909743712751829174,heidi mendoza,,Neutral,InFavor,0.5,False
tweet_id:1909743061305057689,,,Neutral,InFavor,0.5,False
tweet_id:1909740419837313399,heidi mendoza,SENATOR,Neutral,InFavor,0.5,False
tweet_id:1909737167049703764,heidi mendoza,SUPPORT,Enjoyment,InFavor,0.8,False
tweet_id:1909571108254499327,kiko pangilinan,push,Neutral,InFavor,0.5,False
tweet_id:1909571108254499327,bam aquino,push,Neutral,InFavor,0.5,False
tweet_id:1909571108254499327,heidi mendoza,,Neutral,Unsure,0.0,False
tweet_id:1909495384453312751,,,Neutral,Unsure,0.0,True
tweet_id:1909484452121919691,,,Enjoyment,Unsure,0.8,True
tweet_id:1909446391388045529,kiko pangilinan,success,Neutral,InFavor,0.5,False
tweet_id:1909421727328743582,,remark,Disgust,Opposedto,-0.8,False
tweet_id:1909418857674293731,,,Disgust,Opposedto,-0.5,False
tweet_id:1909418857674293731,,,Disgust,Opposedto,-0.7,True
tweet_id:1909139521545101626,kiko pangilinan,matino,Enjoyment,InFavor,0.8,False
tweet_id:1909139521545101626,bam aquino,matino,Enjoyment,InFavor,0.8,False
tweet_id:1909049469217456423,,misogynistic,Contempt,Opposedto,-0.5,False
tweet_id:1909049469217456423,,misogynistic,Contempt,Opposedto,-0.8,False
tweet_id:1908825760816676876,,scandalous,Disgust,Opposedto,-0.8,False
tweet_id:1908655909645017582,duterte youth,,Neutral,Opposedto,-0.5,False
tweet_id:1908371384352571440,,,Neutral,Unsure,0.0,True
tweet_id:1908348387457634368,tito sotto,opposition,Neutral,Unsure,0.0,False
tweet_id:1908347879884022245,,,Neutral,Unsure,0.0,True
tweet_id:1908337453024575618,bam aquino,sigurado,Enjoyment,InFavor,0.8,False
tweet_id:1908337453024575618,,endorse,Neutral,InFavor,0.5,False
tweet_id:1908159777185972663,,,Anger,Opposedto,-0.8,True
tweet_id:1908159777185972663,,blames,Anger,InFavor,0.4,False
tweet_id:1908064770076315816,duterte youth,,Neutral,InFavor,0.5,False
tweet_id:1908033037264130480,,joke,Neutral,InFavor,0.2,False
tweet_id:1908002814108082678,bam aquino,reelection,Neutral,InFavor,0.5,False
tweet_id:1907994493841977786,,,Contempt,Opposedto,-0.5,False
tweet_id:1907994493841977786,,viral,Contempt,Opposedto,-0.8,False
tweet_id:1907822667253821704,kiko pangilinan,katuwang,Enjoyment,InFavor,0.8,False
tweet_id:1907822667253821704,bam aquino,katuwang,Enjoyment,InFavor,0.8,False
tweet_id:1907822667253821704,,,Neutral,InFavor,0.5,False
tweet_id:1907765452417413240,patrol,Pilipino,Neutral,InFavor,0.5,False
tweet_id:1907664807668625881,,gago,Disgust,Opposedto,-0.9,False
tweet_id:1907664807668625881,,gago,Disgust,Opposedto,-0.9,False
tweet_id:1907614030102954268,,,Contempt,Opposedto,-0.5,False
tweet_id:1907545558153351577,makabayan,Terrorists,Contempt,Opposedto,-0.8,False
tweet_id:1907545558153351577,,,Anger,Unsure,-0.5,True
tweet_id:1907357693926576373,,sus,Contempt,Opposedto,-0.5,False
tweet_id:1907104824329642292,bam aquino,Senator,Enjoyment,InFavor,0.8,False
tweet_id:1907104824329642292,kiko pangilinan,Senator,Enjoyment,InFavor,0.8,False
tweet_id:1907045278936350944,,demokrasya,Contempt,Opposedto,-0.5,False
tweet_id:1907034802240598262,,,Sadness,Unsure,-0.5,True
tweet_id:1906951727569318200,makabayan,advocates,Neutral,InFavor,0.5,False
tweet_id:1906547043277152663,,,Neutral,Unsure,0.0,True
tweet_id:1906379851696857327,tito sotto,annoying,Anger,Opposedto,-0.8,False
tweet_id:1906379851696857327,,unqualified,Disgust,Opposedto,-0.9,False
tweet_id:1906375144588853317,,silbi,Enjoyment,InFavor,0.8,False
tweet_id:1906375144588853317,bam aquino,,Neutral,InFavor,0.5,False
tweet_id:1906375144588853317,kiko pangilinan,,Neutral,InFavor,0.5,False
tweet_id:1906289555918979501,,,Anger,Opposedto,-0.8,False
tweet_id:1906134323079614508,,legacy,Neutral,InFavor,0.5,True
tweet_id:1906134323079614508,,legacy,Neutral,InFavor,0.5,False
tweet_id:1906002491281666181,imee marcos,Solusyon,Contempt,Opposedto,-0.5,False
tweet_id:1906002491281666181,bbm,,Neutral,Unsure,0.0,False
tweet_id:1905966169690894804,kiko pangilinan,Liberal,Enjoyment,InFavor,0.8,False
tweet_id:1905966169690894804,bam aquino,Liberal,Enjoyment,InFavor,0.8,False
tweet_id:1905817867028963361,,Blessed,Enjoyment,InFavor,0.8,True
tweet_id:1905648575822135379,,,Neutral,Unsure,0.0,False
tweet_id:1905587821811028208,,people,Neutral,InFavor,0.5,False
tweet_id:1905539940395741539,bam aquino,Good,Neutral,InFavor,0.5,False
tweet_id:1905539940395741539,kiko pangilinan,Good,Neutral,InFavor,0.5,False
tweet_id:1905539713508729104,,,Neutral,Unsure,0.0,True
tweet_id:1905293858331836508,imee marcos,,Neutral,Opposedto,-0.5,False
tweet_id:1905293858331836508,bam aquino,Boto,Enjoyment,InFavor,0.8,False
tweet_id:1905293858331836508,kiko pangilinan,Boto,Enjoyment,InFavor,0.8,False
tweet_id:1905293858331836508,duterte youth,,Neutral,Unsure,0.0,False
tweet_id:1905293858331836508,bbm,,Neutral,Unsure,0.0,False
tweet_id:1905253440865100031,,,Anger,Opposedto,-0.8,False
tweet_id:1905449474203550121,,urges,Neutral,InFavor,0.5,True
tweet_id:1905447138764472721,,integrity,Neutral,InFavor,0.5,False
tweet_id:1905077313638707574,,,Contempt,Unsure,-0.5,True
tweet_id:1905063065072345435,,,Enjoyment,InFavor,0.8,False
tweet_id:1904823880864456893,,,Neutral,InFavor,0.5,False
tweet_id:1904805523297624158,ronald dela rosa,Senator,Neutral,Unsure,0.0,False
tweet_id:1904800279100612694,duterte youth,,Neutral,InFavor,0.5,False
tweet_id:1904800279100612694,,,Neutral,Unsure,0.0,True
tweet_id:1904739592773001395,gabriela,red-tagging,Anger,Opposedto,-0.8,False
tweet_id:1904739592773001395,,paid,Contempt,Opposedto,-0.7,False
tweet_id:1904442838454272476,duterte youth,,Neutral,Opposedto,-0.5,False
tweet_id:1904442838454272476,kabataan,Pagasa,Neutral,InFavor,0.5,False
tweet_id:1904425778332520471,kiko pangilinan,success,Enjoyment,InFavor,0.8,False
tweet_id:1904385798092562646,duterte youth,disqualify,Anger,Opposedto,-0.5,False
tweet_id:1904385798092562646,kabataan,Pagasa,Neutral,InFavor,0.2,False
tweet_id:1903963238607593666,imee marcos,revenge,Anger,Opposedto,-0.5,False
tweet_id:1903944857334206534,,silent-achiever,Neutral,InFavor,0.5,False
tweet_id:1903944857334206534,,super-social,Neutral,InFavor,0.5,False
tweet_id:1903752166889627832,imee marcos,,Neutral,Unsure,0.0,False
tweet_id:1903752166889627832,camille villar,,Neutral,Unsure,0.0,False
tweet_id:1903724436395856016,imee marcos,Marcos,Contempt,Opposedto,-0.5,False
tweet_id:1903724436395856016,duterte youth,Duterte,Contempt,Opposedto,-0.5,False
tweet_id:1903664122891567282,kiko pangilinan,ipanalo,Enjoyment,InFavor,0.8,False
tweet_id:1903664122891567282,bam aquino,ipanalo,Enjoyment,InFavor,0.8,False
tweet_id:1903451599558901819,imee marcos,,Neutral,Unsure,0.0,False
tweet_id:1903451599558901819,camille villar,,Neutral,Unsure,0.0,False
tweet_id:1903425286081012042,kiko pangilinan,Ipanalo,Enjoyment,InFavor,0.8,False
tweet_id:1903425286081012042,bam aquino,Ipanalo,Enjoyment,InFavor,0.8,False
tweet_id:1903267247227097185,,,Neutral,Unsure,0.2,True
tweet_id:1903267247227097185,,brighter,Enjoyment,InFavor,0.8,False
tweet_id:1903197425990295684,imee marcos,,Neutral,Opposedto,-0.5,False
tweet_id:1902682783610294600,,,Neutral,Unsure,0.2,False
tweet_id:1902664066013028800,kiko pangilinan,Top,Enjoyment,InFavor,0.8,False
tweet_id:1902664066013028800,bam aquino,Top,Enjoyment,InFavor,0.8,False
tweet_id:1902664066013028800,kabataan,Top,Enjoyment,InFavor,0.8,False
tweet_id:1902613520434491416,imee marcos,lose,Sadness,Opposedto,-0.5,False
tweet_id:1902571760522031318,,,Contempt,Opposedto,-0.5,False
tweet_id:1902495303388770672,,kabataan,Neutral,Unsure,0.2,False
tweet_id:1902365666084335757,bam aquino,Governance,Neutral,InFavor,0.8,False
tweet_id:1902365666084335757,kiko pangilinan,Governance,Neutral,InFavor,0.8,False
tweet_id:1902365666084335757,heidi mendoza,Governance,Neutral,InFavor,0.8,False
tweet_id:1902213291814142411,kiko pangilinan,Totoo,Enjoyment,InFavor,0.8,False
tweet_id:1902213291814142411,,,Neutral,Unsure,0.0,False
tweet_id:1902191521463767181,kiko pangilinan,posters,Neutral,InFavor,0.5,False
tweet_id:1902191521463767181,bam aquino,posters,Neutral,InFavor,0.2,False
tweet_id:1902174497509404914,kiko pangilinan,visible,Contempt,Opposedto,-0.5,False
tweet_id:1902174497509404914,bam aquino,,Neutral,Unsure,0.0,False
tweet_id:1901961958707896380,,budol,Contempt,Opposedto,-0.8,False
tweet_id:1901913415930757341,roberto ballon,trustworthy,Enjoyment,InFavor,0.8,False
tweet_id:1901904238399086727,,,Neutral,Unsure,0.0,True
tweet_id:1901822400297385985,,,Neutral,Unsure,0.0,True
tweet_id:1901770522926481878,,mambabatas,Anger,Opposedto,-0.8,False
tweet_id:1901645873362419780,ml,,Neutral,InFavor,0.5,False
tweet_id:1901645873362419780,,,Neutral,InFavor,0.5,False
tweet_id:1901645873362419780,akbayan,,Neutral,InFavor,0.5,False
tweet_id:1901645873362419780,,,Neutral,InFavor,0.5,False
tweet_id:1901645873362419780,magdalo,,Neutral,InFavor,0.5,False
tweet_id:1901642762275201465,bam aquino,Mahusay,Enjoyment,InFavor,0.8,False
tweet_id:1901642762275201465,bam aquino,Kurap,Contempt,InFavor,0.7,False
tweet_id:1901521303804457235,bam aquino,,Enjoyment,InFavor,0.8,False
tweet_id:1901521303804457235,kiko pangilinan,,Enjoyment,InFavor,0.8,False
tweet_id:1901279747444715575,,impeach,Contempt,Opposedto,-0.8,False
tweet_id:1901279742273180102,,,Neutral,Unsure,0.0,False
tweet_id:1901276713457438800,duterte youth,Problema,Anger,Opposedto,-0.8,False
tweet_id:1900838128304148558,,dayaan,Contempt,Opposedto,-0.5,False
tweet_id:1900037217478992327,,,Neutral,Unsure,0.0,True
tweet_id:1900029990034374697,bam aquino,ipanalo,Enjoyment,InFavor,0.8,False
tweet_id:1900029990034374697,kiko pangilinan,ipanalo,Enjoyment,InFavor,0.8,False
tweet_id:1899954102689571198,imee marcos,endorsed,Contempt,Opposedto,-0.8,False
tweet_id:1899786197968506954,,claim,Neutral,Unsure,0.0,False
tweet_id:1899721800684384472,ronald dela rosa,KWENTA,Anger,Opposedto,-0.8,False
tweet_id:1899703591457448140,apollo quiboloy,nakakulong,Neutral,Unsure,0.0,False
tweet_id:1899703591457448140,,paliwanag,Neutral,InFavor,0.5,False
tweet_id:1899703207858974738,duterte youth,,Neutral,Unsure,0.0,True
tweet_id:1899703207858974738,,,Neutral,Unsure,0.0,True
tweet_id:1899680764184387990,bam aquino,Top,Enjoyment,InFavor,0.8,False
tweet_id:1899680764184387990,kiko pangilinan,Top,Enjoyment,InFavor,0.8,False
tweet_id:1899581143495626782,,,Neutral,Unsure,0.0,True
tweet_id:1899486877536960565,,linked,Neutral,Unsure,0.0,False
tweet_id:1899486877536960565,pbbm,denies,Neutral,InFavor,0.2,False
tweet_id:1899481406373269684,duterte youth,lumalakas,Neutral,InFavor,0.5,False
tweet_id:1899481406373269684,,aresto,Sadness,Opposedto,-0.5,False
tweet_id:1899481406373269684,,,Neutral,Unsure,0.0,False
tweet_id:1899464593094910386,duterte youth,lumalakas,Anger,InFavor,0.5,False
tweet_id:1899464593094910386,,says,Neutral,Unsure,0.0,False
tweet_id:1899464593094910386,,unlawfully,Anger,Opposedto,-0.5,False
tweet_id:1899454269662593165,,,Neutral,Unsure,0.0,True
tweet_id:1899401315274641897,kiko pangilinan,,Enjoyment,InFavor,0.8,False
tweet_id:1899401315274641897,heidi mendoza,,Enjoyment,InFavor,0.8,False
tweet_id:1899288262226632922,duterte youth,gagago,Anger,Opposedto,-0.8,False
tweet_id:1899288262226632922,,,Anger,Unsure,-0.5,False
tweet_id:1899009744343638257,,,Neutral,Unsure,0.0,True
tweet_id:1898661897408520562,duterte youth,eskandalo,Anger,Opposedto,-0.8,False
tweet_id:1898661897408520562,bam aquino,ipahiya,Contempt,Opposedto,-0.7,False
tweet_id:1898661897408520562,,ipahiya,Contempt,Opposedto,-0.7,False
tweet_id:1898533786293563590,kiko pangilinan,,Neutral,InFavor,0.5,False
tweet_id:1898533786293563590,bam aquino,,Neutral,InFavor,0.5,False
tweet_id:1898533786293563590,heidi mendoza,,Neutral,InFavor,0.5,False
tweet_id:1898532938628952536,heidi mendoza,sikat,Contempt,Opposedto,-0.8,False
tweet_id:1898530612082016617,heidi mendoza,,Enjoyment,InFavor,0.9,False
tweet_id:1898384994990788771,duterte youth,Traydor,Contempt,Opposedto,-0.8,False
tweet_id:1898360198160580675,akbayan,,Neutral,InFavor,0.5,False
tweet_id:1898360198160580675,ml,,Neutral,InFavor,0.5,False
tweet_id:1898354856345415929,,,Contempt,Opposedto,-0.8,False
tweet_id:1898333144362721476,,,Contempt,Opposedto,-0.8,True
tweet_id:1898252344023806137,,korupsiyon,Neutral,InFavor,0.5,False
tweet_id:1898248388375896394,,,Contempt,Opposedto,-0.5,True
tweet_id:1898177252904616276,bam aquino,,Enjoyment,InFavor,0.8,False
tweet_id:1898177252904616276,kiko pangilinan,,Enjoyment,InFavor,0.8,False
tweet_id:1898164687633862943,bam aquino,iboto,Enjoyment,InFavor,0.8,False
tweet_id:1898164687633862943,kiko pangilinan,iboto,Enjoyment,InFavor,0.8,False
tweet_id:1898164687633862943,heidi mendoza,iboto,Enjoyment,InFavor,0.8,False
tweet_id:1897895492823998474,bam aquino,,Neutral,InFavor,0.5,False
tweet_id:1897895492823998474,kiko pangilinan,,Neutral,InFavor,0.5,False
tweet_id:1897885289558810942,duterte youth,Corrupt,Anger,Opposedto,-0.8,False
tweet_id:1897845851978154066,ml,Ibalik,Enjoyment,InFavor,0.8,False
tweet_id:1897845851978154066,,,Enjoyment,InFavor,0.8,False
tweet_id:1897806916568367369,,,Anger,Unsure,-0.5,True
tweet_id:1897786120873951685,,,Neutral,Unsure,0.0,True
tweet_id:1897764988170752149,,fight,Anger,Unsure,0.2,False
tweet_id:1897672771636752892,kiko pangilinan,court,Neutral,InFavor,0.5,False
tweet_id:1897672771636752892,bam aquino,court,Neutral,InFavor,0.5,False
tweet_id:1897587594340585979,willie revillame,hindi,Contempt,Opposedto,-0.8,False
tweet_id:1897582538656186400,kiko pangilinan,senatorial,Neutral,InFavor,0.5,False
tweet_id:1897582538656186400,bam aquino,senatorial,Neutral,InFavor,0.5,False
tweet_id:1897561665392271484,,,Sadness,Unsure,-0.5,False
tweet_id:1901279949560099082,,,Neutral,Unsure,0.0,False
tweet_id:1897555758641787218,,,Anger,Unsure,-0.5,False
tweet_id:1897536211855486980,,SALOT,Anger,Opposedto,-0.8,False
tweet_id:1897492835894509791,,,Anger,Unsure,-0.5,True
tweet_id:1897264071432356244,,,Neutral,Unsure,0.0,True
tweet_id:1897261689130901670,,bets,Neutral,Unsure,0.0,False
tweet_id:1897261689130901670,,,Neutral,Unsure,0.0,False
tweet_id:1897107264001151142,,,Anger,Opposedto,-0.9,False
tweet_id:1897067894951104940,,,Neutral,Unsure,0.0,True
tweet_id:1896939119978443078,,,Neutral,Unsure,0.5,True
tweet_id:1896930283217469465,,,Enjoyment,InFavor,0.8,False
tweet_id:1896888647460487429,bam aquino,sexy,Neutral,Unsure,0.0,False
tweet_id:1896856656257949907,,,Neutral,Unsure,0.0,True
tweet_id:1896851418885341470,willie revillame,,Contempt,Opposedto,-0.5,False
tweet_id:1896818493154349364,apollo quiboloy,Bisaya,Contempt,Opposedto,-0.8,False
tweet_id:1896818493154349364,,,Anger,Opposedto,-0.9,False
tweet_id:1896815121156149319,,,Neutral,Unsure,0.0,True
tweet_id:1896773138639098214,ben tulfo,disqualification,Neutral,Unsure,0.0,False
tweet_id:1896773138639098214,erwin tulfo,disqualification,Neutral,Unsure,0.0,False
tweet_id:1896742393271181421,,kandidato,Neutral,Unsure,0.0,False
tweet_id:1896529716502474817,ml,campaigning,Contempt,Opposedto,-0.5,False
tweet_id:1896478355966525946,,lungkot,Sadness,InFavor,-0.5,True
tweet_id:1896435102596596043,,,Contempt,Opposedto,-0.8,False
tweet_id:1896430334540996940,richard mata,doktor,Neutral,InFavor,0.5,False
tweet_id:1896364909325324713,,,Neutral,Unsure,0.0,True
tweet_id:1895972319773753681,,,Neutral,Unsure,0.5,False
tweet_id:1895835163000492118,bam aquino,tandem,Neutral,InFavor,0.5,False
tweet_id:1895835163000492118,kiko pangilinan,tandem,Neutral,InFavor,0.5,False
tweet_id:1895679833688146261,bam aquino,Senator,Enjoyment,InFavor,0.8,False
tweet_id:1895679833688146261,kiko pangilinan,Senator,Enjoyment,InFavor,0.8,False
tweet_id:1895679833688146261,akbayan,Partylist,Neutral,InFavor,0.5,False
tweet_id:1895679833688146261,ml,Partylist,Neutral,InFavor,0.5,False
tweet_id:1895436688538886512,,grooming,Contempt,Opposedto,-0.8,False
tweet_id:1895374494820401505,panfilo lacson,proposed,Neutral,InFavor,0.5,False
tweet_id:1895361796124615141,panfilo lacson,laments,Contempt,InFavor,0.2,False
tweet_id:1895302372861358411,bayan muna,KAMPEON,Enjoyment,InFavor,0.8,False
tweet_id:1895302372861358411,,,Neutral,Unsure,0.0,False
tweet_id:1895280710031904897,,,Neutral,Unsure,0.0,True
tweet_id:1895081503308292384,,,Enjoyment,Unsure,0.5,True
tweet_id:1895057538904703469,erwin tulfo,leads,Neutral,InFavor,0.5,False
tweet_id:1895057538904703469,act-cis,Rep,Neutral,InFavor,0.5,False
tweet_id:1895048730740490254,4ps,leads,Neutral,InFavor,0.5,False
tweet_id:1895022989219111011,,,Neutral,Unsure,0.0,False
tweet_id:1895021059570647200,,politicians,Contempt,Opposedto,-0.8,False
tweet_id:1894979291357814962,duterte youth,Legacy,Anger,Opposedto,-0.8,False
tweet_id:1894969490963562620,,politicians,Contempt,Opposedto,-0.8,False
tweet_id:1894935490178298030,,,Anger,Opposedto,-0.8,False
tweet_id:1894935490178298030,,POGO,Anger,Opposedto,-0.9,False
tweet_id:1894739706732007570,,,Neutral,Unsure,0.0,True
tweet_id:1894703209093963913,duterte youth,Legacy,Enjoyment,InFavor,0.8,False
tweet_id:1894703209093963913,,,Anger,Unsure,-0.5,False
tweet_id:1894690562852135185,,,Anger,Opposedto,-0.8,False
tweet_id:1894690562852135185,,POGO,Anger,Opposedto,-0.9,False
tweet_id:1894617363200495867,duterte youth,,Anger,Opposedto,-0.8,False
tweet_id:1894617363200495867,,,Neutral,Unsure,0.2,True
tweet_id:1894229609165787403,,,Neutral,Unsure,0.0,False
tweet_id:1893962825493868556,roberto ballon,mangingisda,Neutral,InFavor,0.5,False
tweet_id:1893896733975003285,,Weak,Contempt,Opposedto,-0.8,True
tweet_id:1893503550568689771,,,Fear,Unsure,-0.5,False
tweet_id:1893503204106629522,duterte youth,Duterte,Contempt,Opposedto,-0.5,False
tweet_id:1893261957068919247,,kandidato,Neutral,Unsure,0.0,False
tweet_id:1893226930788295062,camille villar,shill,Contempt,Opposedto,-0.8,False
tweet_id:1893226930788295062,bong go,shilling,Contempt,Opposedto,-0.8,False
tweet_id:1893197452590674369,pbbm,Dictator,Anger,Opposedto,-0.8,False
tweet_id:1893197452590674369,imee marcos,ADIKtador,Anger,Opposedto,-0.9,False
tweet_id:1893134445684891664,,POGO,Contempt,Opposedto,-0.8,False
tweet_id:1893134445684891664,,DROGA,Contempt,Opposedto,-0.8,False
tweet_id:1893134445684891664,,PHARMALLY,Contempt,Opposedto,-0.8,False
tweet_id:1893003782323138941,bong go,Tuta,Contempt,Opposedto,-0.8,False
tweet_id:1892947772673864160,,,Neutral,Unsure,0.2,False
tweet_id:1892860442277474417,leody de guzman,Dodoy,Neutral,InFavor,0.8,False
tweet_id:1892838519816548454,teodoro casiño,kalaban,Enjoyment,InFavor,0.8,False
tweet_id:1892808342378336351,bam aquino,,Neutral,InFavor,0.5,False
tweet_id:1892808342378336351,kiko pangilinan,,Neutral,InFavor,0.5,False
tweet_id:1892805545226052092,,,Enjoyment,Unsure,0.5,False
tweet_id:1892771231981850697,,serbisyo,Contempt,InFavor,0.5,False
tweet_id:1892770282475041208,willie ong,kandidatong,Neutral,Opposedto,-0.5,False
tweet_id:1892723257322672172,,,Neutral,Unsure,0.5,True
tweet_id:1892529884401926252,,,Neutral,Unsure,0.0,True
tweet_id:1892506615632322662,pba,nominee,Neutral,Unsure,0.0,False
tweet_id:1892418892418732040,bbm,sayang,Enjoyment,InFavor,0.8,False
tweet_id:1892378899537154080,,,Enjoyment,Unsure,0.8,False
tweet_id:1892208074875601025,,pro,Neutral,InFavor,0.5,False
tweet_id:1892036470267052241,duterte youth,Legacy,Anger,Opposedto,-0.8,False
tweet_id:1891782219569455197,,,Neutral,Unsure,0.0,True
tweet_id:1891779668321132821,,,Disgust,Opposedto,-0.8,True
tweet_id:1891769959010926747,pia cayetano,,Disgust,Opposedto,-0.8,True
tweet_id:1891769959010926747,,,Anger,Opposedto,-0.9,False
tweet_id:1891745476644311211,luke espiritu,advocate,Neutral,InFavor,0.5,False
tweet_id:1891660935061803413,kiko pangilinan,help,Enjoyment,InFavor,0.8,False
tweet_id:1891636279114154284,imee marcos,,Contempt,Opposedto,-0.8,False
tweet_id:1891407495584760185,duterte youth,death,Anger,Opposedto,-0.8,False
tweet_id:1891369635162870131,,,Contempt,Opposedto,-0.5,False
tweet_id:1891057214556692625,,kinabukasan,Neutral,InFavor,0.5,False
tweet_id:1891055813109710899,leody de guzman,rally,Neutral,InFavor,0.5,False
tweet_id:1891055813109710899,luke espiritu,rally,Neutral,InFavor,0.5,False
tweet_id:1891051876352716883,leody de guzman,senatorial,Neutral,InFavor,0.5,False
tweet_id:1891051876352716883,luke espiritu,senatorial,Neutral,InFavor,0.5,False
tweet_id:1890971962173702438,,Laglagan,Contempt,Opposedto,-0.8,True
tweet_id:1890726645146726800,,,Contempt,Opposedto,-0.8,False
tweet_id:1890699995797397764,gabriela,LABAN,Enjoyment,InFavor,0.8,False
tweet_id:1890675599959543965,duterte youth,Legacy,Contempt,Opposedto,-0.8,False
tweet_id:1890645874423853374,kiko pangilinan,Bam,Neutral,InFavor,0.5,False
tweet_id:1890645874423853374,bam aquino,Kiko,Neutral,InFavor,0.5,False
tweet_id:1890609534680412226,,,Anger,Opposedto,-0.5,False
tweet_id:1890577080431022590,kiko pangilinan,kampanya,Neutral,InFavor,0.5,False
tweet_id:1890577080431022590,,kampanya,Neutral,InFavor,0.5,False
tweet_id:1890497489641349242,bong go,,Contempt,Opposedto,-0.5,False
tweet_id:1890475812949754134,,SUKA,Contempt,Opposedto,-0.8,False
tweet_id:1890475812949754134,bong go,,Anger,Opposedto,-0.9,False
tweet_id:1890428705454842315,,cringy,Disgust,Opposedto,-0.5,False
tweet_id:1890383606712844491,benhur abalos,Alyansa,Neutral,InFavor,0.5,False
tweet_id:1890287987529015583,,,Neutral,InFavor,0.5,False
tweet_id:1890258637836480754,bam aquino,Top,Enjoyment,InFavor,0.8,False
tweet_id:1890258637836480754,kiko pangilinan,Top,Enjoyment,InFavor,0.8,False
tweet_id:1890254489321632230,duterte youth,,Neutral,InFavor,0.5,False
tweet_id:1890209894764277789,duterte youth,,Anger,InFavor,0.5,False
tweet_id:1890209894764277789,,,Anger,Opposedto,-0.8,False
tweet_id:1890174345240264902,duterte youth,,Enjoyment,InFavor,0.8,False
tweet_id:1889978852153381070,apollo quiboloy,bulaan,Contempt,Opposedto,-0.8,False
tweet_id:1889909011358818662,pbbm,Diktador,Anger,Opposedto,-0.9,False
tweet_id:1889909011358818662,pbbm,Magnanakaw,Anger,Opposedto,-0.9,False
tweet_id:1889852594153202038,willie ong,sympathy,Contempt,Opposedto,-0.8,False
tweet_id:1889845690685374964,willie ong,withdraws,Neutral,InFavor,0.0,False
tweet_id:1889843316289896749,willie ong,health,Neutral,Unsure,0.2,False
tweet_id:1889838775871873248,kiko pangilinan,campaign,Neutral,InFavor,0.5,False
tweet_id:1889838775871873248,bam aquino,campaign,Neutral,InFavor,0.5,False
tweet_id:1889784767799087301,bam aquino,better,Enjoyment,InFavor,0.8,False
tweet_id:1889784767799087301,,corrupt,Anger,Opposedto,-0.7,False
tweet_id:1889784252293693449,,,Anger,Opposedto,-0.8,False
tweet_id:1889784252293693449,,Nardong,Anger,Opposedto,-0.9,False
tweet_id:1889698477816398164,,overjoyed,Enjoyment,InFavor,0.8,False
tweet_id:1889698477816398164,,,Neutral,Unsure,0.2,False
tweet_id:1889675830176993374,bam aquino,fight,Neutral,InFavor,0.5,False
tweet_id:1889675830176993374,kiko pangilinan,fight,Neutral,InFavor,0.5,False
tweet_id:1889641854473478607,apollo quiboloy,God,Contempt,Opposedto,-0.5,False
tweet_id:1889628380993085913,bam aquino,mananalo,Enjoyment,InFavor,0.8,False
tweet_id:1889628380993085913,kiko pangilinan,mananalo,Enjoyment,InFavor,0.8,False
tweet_id:1889620569395491042,,,Anger,Opposedto,-0.8,False
tweet_id:1889580317175894187,bam aquino,,Neutral,InFavor,0.5,False
tweet_id:1889580317175894187,kiko pangilinan,,Neutral,InFavor,0.5,False
tweet_id:1889570134135808504,,shade,Contempt,Opposedto,-0.5,False
tweet_id:1889569592877498846,,,Neutral,Unsure,0.0,True
tweet_id:1889565435495883201,,,Neutral,Unsure,0.5,False
tweet_id:1889558809477038583,,,Neutral,InFavor,0.5,False
tweet_id:1889549998104388092,,sugalan,Contempt,Opposedto,-0.8,False
tweet_id:1889549998104388092,,,Neutral,Unsure,0.0,False
tweet_id:1889539931531518069,kiko pangilinan,optimistic,Neutral,InFavor,0.5,False
tweet_id:1889539931531518069,bam aquino,optimistic,Neutral,InFavor,0.5,False
tweet_id:1889532211331997731,,dynasties,Anger,Opposedto,-0.8,False
tweet_id:1889532211331997731,,revealed,Neutral,InFavor,0.5,False
tweet_id:1889524798918992177,gabriela,Bantay,Enjoyment,InFavor,0.8,False
tweet_id:1889519044526473573,,past,Contempt,Opposedto,-0.8,False
tweet_id:1889510624151085078,,,Contempt,Opposedto,-0.5,False
tweet_id:1889504445198901558,,young,Enjoyment,InFavor,0.8,False
tweet_id:1889504445198901558,,,Neutral,InFavor,0.5,False
tweet_id:1889504445198901558,,cutie,Enjoyment,InFavor,0.9,False
tweet_id:1889482050391904508,kiko pangilinan,supporters,Neutral,InFavor,0.5,False
tweet_id:1889482050391904508,bam aquino,supporters,Neutral,InFavor,0.5,False
tweet_id:1889458647278743826,makabayan,left-leaning,Neutral,InFavor,0.5,False
tweet_id:1889458647278743826,,,Neutral,Unsure,0.0,False
tweet_id:1889366288922730508,bam aquino,reelection,Neutral,InFavor,0.5,False
tweet_id:1889366288922730508,kiko pangilinan,reelection,Neutral,InFavor,0.5,False
tweet_id:1889352997047878070,imee marcos,,Neutral,Unsure,0.0,False
tweet_id:1889351191219368167,apollo quiboloy,mission,Neutral,InFavor,0.5,False
tweet_id:1889339153852338451,,,Enjoyment,Unsure,0.5,True
tweet_id:1889334076319932607,,,Neutral,InFavor,0.5,False
tweet_id:1889322753330761820,kiko pangilinan,campaign,Neutral,InFavor,0.5,False
tweet_id:1889322753330761820,bam aquino,campaign,Neutral,InFavor,0.5,False
tweet_id:1889322753330761820,,,Neutral,Unsure,0.0,False
tweet_id:1889319328144875647,vic rodriguez,KAKAMPI,Enjoyment,InFavor,0.8,False
tweet_id:1889319328144875647,rodante marcoleta,KAKAMPI,Enjoyment,InFavor,0.8,False
tweet_id:1889317673399410959,bam aquino,,Neutral,InFavor,0.5,False
tweet_id:1889317673399410959,kiko pangilinan,,Neutral,InFavor,0.5,False
tweet_id:1889317673399410959,,,Neutral,InFavor,0.5,False
tweet_id:1889317673399410959,imee marcos,,Neutral,Opposedto,-0.5,False
tweet_id:1889315956477837789,bam aquino,optimistic,Neutral,InFavor,0.5,False
tweet_id:1889315956477837789,kiko pangilinan,optimistic,Neutral,InFavor,0.5,False
tweet_id:1889309773297758252,kiko pangilinan,Iboto,Enjoyment,InFavor,0.8,False
tweet_id:1889309773297758252,bam aquino,Iboto,Enjoyment,InFavor,0.8,False
tweet_id:1889309773297758252,heidi mendoza,Iboto,Enjoyment,InFavor,0.8,False
tweet_id:1889308109036028315,apollo quiboloy,God,Neutral,InFavor,0.5,False
tweet_id:1889305174046355634,gabriela,LABAN,Enjoyment,InFavor,0.8,False
tweet_id:1889303720191737866,,paloko,Anger,Opposedto,-0.8,False
tweet_id:1889300356632383512,bam aquino,optimistic,Neutral,InFavor,0.5,False
tweet_id:1889300356632383512,kiko pangilinan,optimistic,Neutral,InFavor,0.5,False
tweet_id:1889286507867123762,mody floranda,Pagbabago,Enjoyment,InFavor,0.8,False
tweet_id:1889276306266959968,bam aquino,ipanalo,Enjoyment,InFavor,0.8,False
tweet_id:1889276306266959968,kiko pangilinan,ipanalo,Enjoyment,InFavor,0.8,False
tweet_id:1889275678656512345,bam aquino,Ipanalo,Enjoyment,InFavor,0.8,False
tweet_id:1889275678656512345,kiko pangilinan,Ipanalo,Enjoyment,InFavor,0.8,False
tweet_id:1889273529771938078,,Laban,Neutral,InFavor,0.5,False
tweet_id:1889273405624721606,,huge,Enjoyment,InFavor,0.8,False
tweet_id:1889255807805776123,,,Neutral,Unsure,0.0,True
tweet_id:1889251398631800958,apollo quiboloy,proclamation,Neutral,InFavor,0.5,False
tweet_id:1889249854263808019,,standee,Contempt,Opposedto,-0.5,False
tweet_id:1889249705336680707,,,Contempt,Opposedto,-0.7,False
tweet_id:1889239172776615982,bam aquino,,Neutral,InFavor,0.5,False
tweet_id:1889239172776615982,kiko pangilinan,,Neutral,InFavor,0.5,False
tweet_id:1889234787300229415,kiko pangilinan,bid,Neutral,InFavor,0.5,False
tweet_id:1889234787300229415,bam aquino,bid,Neutral,InFavor,0.5,False
tweet_id:1889225426993897493,,,Enjoyment,Unsure,0.5,True
tweet_id:1889221822190870658,kiko pangilinan,IBOTO,Enjoyment,InFavor,0.9,False
tweet_id:1889220911129317490,bam aquino,,Neutral,InFavor,0.5,False
tweet_id:1889220911129317490,heidi mendoza,,Neutral,InFavor,0.5,False
tweet_id:1889220911129317490,kiko pangilinan,,Neutral,InFavor,0.5,False
tweet_id:1889220911129317490,sonny matula,,Neutral,InFavor,0.5,False
tweet_id:1889219697280987561,bam aquino,progressive,Enjoyment,InFavor,0.8,False
tweet_id:1889212775953809862,,,Neutral,Unsure,0.0,True
tweet_id:1889212769808884124,makabayan,alternatibong,Neutral,InFavor,0.5,False
tweet_id:1889212733654204617,kiko pangilinan,campaign,Neutral,InFavor,0.5,False
tweet_id:1889212733654204617,bam aquino,campaign,Neutral,InFavor,0.5,False
tweet_id:1889210716982558751,kiko pangilinan,Senate,Neutral,InFavor,0.5,False
tweet_id:1889210716982558751,bam aquino,Senate,Neutral,InFavor,0.5,False
tweet_id:1889210716982558751,,,Neutral,InFavor,0.5,False
tweet_id:1889206724198101418,kiko pangilinan,Bam,Enjoyment,InFavor,0.8,False
tweet_id:1889206724198101418,bam aquino,Kiko,Enjoyment,InFavor,0.8,False
tweet_id:1889190635149611119,kiko pangilinan,appeal,Neutral,InFavor,0.5,False
tweet_id:1889190428664385869,,Alyansa,Neutral,InFavor,0.5,False
tweet_id:1889190428664385869,bbm,Marcos,Neutral,InFavor,0.5,False
tweet_id:1889185651406610475,akbayan,vinta,Neutral,InFavor,0.5,False
tweet_id:1889182577199874077,tito sotto,comeback,Neutral,InFavor,0.5,False
tweet_id:1889181839400767576,gabriela,Reyna,Enjoyment,InFavor,0.8,False
tweet_id:1889175887465369778,gabriela,kampanya,Enjoyment,InFavor,0.8,False
tweet_id:1889175534594056654,kiko pangilinan,appeal,Neutral,InFavor,0.5,False
tweet_id:1889165914102439940,arlene brosas,reforms,Neutral,InFavor,0.5,False
tweet_id:1889165914102439940,makabayan,coalition,Neutral,InFavor,0.5,False
tweet_id:1889151418709504454,tito sotto,laos,Contempt,Opposedto,-0.8,False
tweet_id:1889151418709504454,willie revillame,laos,Contempt,Opposedto,-0.8,False
tweet_id:1889147351232557314,tito sotto,comeback,Neutral,InFavor,0.5,False
tweet_id:1889131032420778277,akbayan,nominee,Enjoyment,InFavor,0.8,False
tweet_id:1889131032420778277,,campaign,Enjoyment,InFavor,0.8,False
tweet_id:1889117164247928843,,,Neutral,InFavor,0.5,False
tweet_id:1889116106578862120,gabriela,suportahan,Enjoyment,InFavor,0.8,False
tweet_id:1889113886277914854,kiko pangilinan,,Neutral,Unsure,0.0,False
tweet_id:1889113886277914854,bam aquino,,Neutral,Unsure,0.0,False
tweet_id:1889113053792440829,makabayan,support,Enjoyment,InFavor,0.8,False
tweet_id:1889112188939612607,bam aquino,tandem,Neutral,InFavor,0.5,False
tweet_id:1889112188939612607,kiko pangilinan,tandem,Neutral,InFavor,0.5,False
tweet_id:1889106423495471220,kiko pangilinan,,Neutral,Unsure,0.0,False
tweet_id:1889106423495471220,bam aquino,,Neutral,Unsure,0.0,False
tweet_id:1889105198645432399,akbayan,Zumba,Enjoyment,InFavor,0.8,False
tweet_id:1889098659993895133,liza maza,Tapang,Enjoyment,InFavor,0.8,False
tweet_id:1889092150882906261,akbayan,Akbayan,Neutral,InFavor,0.5,False
tweet_id:1889092150882906261,,,Neutral,InFavor,0.5,False
tweet_id:1889092150882906261,,,Neutral,InFavor,0.5,False
tweet_id:1889071852959445142,,kandidato,Neutral,Unsure,0.0,False
tweet_id:1889069757703569462,,,Neutral,Unsure,0.0,False
tweet_id:1889063954225467852,,,Neutral,Unsure,0.0,True
tweet_id:1888993468938367045,,balanse,Neutral,InFavor,0.5,False
tweet_id:1888982153536721264,bam aquino,,Neutral,InFavor,0.8,False
tweet_id:1888982153536721264,kiko pangilinan,,Neutral,InFavor,0.8,False
tweet_id:1888982153536721264,heidi mendoza,,Neutral,InFavor,0.8,False
tweet_id:1888981252029743416,,,Neutral,Unsure,0.0,True
tweet_id:1888906005184159745,,,Neutral,Unsure,0.0,True
tweet_id:1888901791158341845,gabriela,LABAN,Neutral,InFavor,0.5,False
tweet_id:1888899461440803236,kiko pangilinan,,Neutral,InFavor,0.2,False
tweet_id:1888797952912826413,erwin tulfo,top,Neutral,InFavor,0.5,False
tweet_id:1888788835070562586,kiko pangilinan,,Enjoyment,InFavor,0.8,False
tweet_id:1888788835070562586,bam aquino,,Enjoyment,InFavor,0.8,False
tweet_id:1888780684413763953,wilbert t. lee,nagmamadali,Disgust,Opposedto,-0.8,False
tweet_id:1888780684413763953,agri,agriculture,Neutral,Unsure,0.2,False
tweet_id:1888769857698582837,kiko pangilinan,programa,Neutral,InFavor,0.5,False
tweet_id:1888558469776888247,heidi mendoza,problema,Neutral,InFavor,0.2,False
tweet_id:1888447391965274546,,mapikon,Anger,Opposedto,-0.8,True
tweet_id:1888447391965274546,,,Neutral,InFavor,0.5,True
tweet_id:1888447391965274546,,mapikon,Anger,Opposedto,-0.8,True
tweet_id:1888445299548672448,duterte youth,DROGA,Anger,Opposedto,-0.8,False
tweet_id:1888377273218375755,heidi mendoza,,Neutral,InFavor,0.5,False
tweet_id:1887932562284364165,,red,Neutral,Unsure,0.5,False
tweet_id:1887932562284364165,duterte youth,,Enjoyment,InFavor,0.8,False
tweet_id:1887808855394148440,heidi mendoza,,Neutral,InFavor,0.5,False
tweet_id:1887769846236258608,,,Contempt,Unsure,-0.5,True
tweet_id:1887733025531625589,sonny matula,tiwala,Neutral,InFavor,0.5,False
tweet_id:1887725476099289576,heidi mendoza,tapat,Enjoyment,InFavor,0.8,False
tweet_id:1887388986848813415,,,Neutral,Unsure,0.0,True
tweet_id:1887263413304500695,heidi mendoza,talented,Enjoyment,InFavor,0.8,False
tweet_id:1887109544926437463,,,Neutral,Unsure,0.0,True
tweet_id:1887108925184721334,bam aquino,senatorial,Neutral,InFavor,0.5,False
tweet_id:1887074991558255002,tito sotto,,Neutral,Unsure,0.0,True
tweet_id:1887074991558255002,,Impeach,Contempt,Opposedto,-0.5,False
tweet_id:1887074991558255002,gregorio honasan,,Neutral,Unsure,0.0,True
tweet_id:1887074991558255002,pia cayetano,Incumbent,Neutral,InFavor,0.5,False
tweet_id:1887071364936548640,,,Neutral,InFavor,0.5,False
tweet_id:1887051518484111778,ronald dela rosa,serbisyo,Neutral,InFavor,0.5,False
tweet_id:1887048516570141112,bam aquino,game,Neutral,InFavor,0.5,False
tweet_id:1887008249955635671,panfilo lacson,Senado,Neutral,InFavor,0.5,False
tweet_id:1886761787728781674,,,Enjoyment,InFavor,0.8,False
tweet_id:1886731428831936564,teodoro casiño,seryoso,Neutral,InFavor,0.5,False
tweet_id:1886731428831936564,bayan muna,,Neutral,Unsure,0.0,False
tweet_id:1886693538811011488,,,Anger,Opposedto,-0.8,False
tweet_id:1886689224042406104,duterte youth,QUALITY,Enjoyment,InFavor,0.8,False
tweet_id:1886687638687564021,,,Anger,Opposedto,-0.8,False
tweet_id:1886360965262065922,,,Neutral,Unsure,0.0,True
tweet_id:1886325082123067521,,,Contempt,Opposedto,-0.8,False
tweet_id:1886240692189425730,jimmy bondoc,singer-songwriter,Neutral,InFavor,0.5,False
tweet_id:1886049263211188734,,political,Neutral,Unsure,0.0,False
tweet_id:1885994984064848276,heidi mendoza,,Anger,InFavor,0.8,False
tweet_id:1885892669244928041,,taumbayan,Enjoyment,InFavor,0.8,False
tweet_id:1885788183486763519,,Talo,Contempt,Opposedto,-0.8,True
tweet_id:1885740797506781459,kiko pangilinan,,Enjoyment,InFavor,0.8,False
tweet_id:1885740797506781459,bam aquino,,Enjoyment,InFavor,0.8,False
tweet_id:1885737610506842169,luke espiritu,soundly,Enjoyment,InFavor,0.8,False
tweet_id:1885729182879285486,kiko pangilinan,kapakanan,Enjoyment,InFavor,0.8,False
tweet_id:1885729182879285486,bam aquino,kapakanan,Enjoyment,InFavor,0.8,False
tweet_id:1885729182879285486,heidi mendoza,kapakanan,Enjoyment,InFavor,0.8,False
tweet_id:1885729182879285486,luke espiritu,kapakanan,Enjoyment,InFavor,0.8,False
tweet_id:1885721311626068069,leody de guzman,,Neutral,InFavor,0.5,False
tweet_id:1885721311626068069,,anti-worker,Contempt,Opposedto,-0.8,False
tweet_id:1885713195664650748,heidi mendoza,tapat,Enjoyment,InFavor,0.8,False
tweet_id:1885708824478355931,,,Disgust,Opposedto,-0.8,False
tweet_id:1885706853658857887,,,Anger,Opposedto,-0.8,False
tweet_id:1885706853658857887,,fake,Anger,Opposedto,-0.9,False
tweet_id:1885705901639970959,,,Neutral,Unsure,0.5,False
tweet_id:1885705690884493428,,,Anger,Opposedto,-0.8,False
tweet_id:1885702479268270335,kiko pangilinan,Priority,Enjoyment,InFavor,0.8,False
tweet_id:1885702479268270335,bam aquino,Priority,Enjoyment,InFavor,0.8,False
tweet_id:1885702479268270335,heidi mendoza,Priority,Enjoyment,InFavor,0.8,False
tweet_id:1885702015382077899,,,Enjoyment,Unsure,0.5,True
tweet_id:1885701043146928453,,sagot,Sadness,Opposedto,-0.5,False
tweet_id:1885699755441086942,danilo ramos,genuine,Enjoyment,InFavor,0.8,False
tweet_id:1885699755441086942,,,Neutral,Unsure,0.0,False
tweet_id:1885699755441086942,teodoro casiño,advocacy,Enjoyment,InFavor,0.7,False
tweet_id:1885698661331710202,,,Disgust,Unsure,-0.5,True
tweet_id:1885694794296594930,,,Neutral,Unsure,0.0,True
tweet_id:1885692586477965428,makabayan,leftist,Neutral,InFavor,0.5,False
tweet_id:1885692012781015147,,,Neutral,Unsure,0.0,True
tweet_id:1885691025517383879,,Siraulo,Contempt,Opposedto,-0.8,False
tweet_id:1885690169367666794,heidi mendoza,,Neutral,InFavor,0.5,False
tweet_id:1885690169367666794,teodoro casiño,,Neutral,InFavor,0.5,False
tweet_id:1885690169367666794,luke espiritu,,Neutral,InFavor,0.5,False
tweet_id:1885690169367666794,france castro,,Neutral,InFavor,0.5,False
tweet_id:1885690169367666794,jimmy bondoc,,Contempt,Opposedto,-0.6,False
tweet_id:1885690169367666794,ronald dela rosa,Kasuka,Disgust,Opposedto,-0.8,False
tweet_id:1885688735800738135,vic rodriguez,refuses,Anger,Opposedto,-0.8,False
tweet_id:1885688735800738135,,,Anger,InFavor,-0.5,False
tweet_id:1885688139718754625,danilo ramos,Good,Enjoyment,InFavor,0.8,False
tweet_id:1885687782468935890,heidi mendoza,proud,Enjoyment,InFavor,0.8,False
tweet_id:1885687328884281405,leody de guzman,controversial,Contempt,Opposedto,-0.5,False
tweet_id:1885687328884281405,,failures,Disgust,Opposedto,-0.7,False
tweet_id:1885685766346752066,duterte youth,,Anger,Opposedto,-0.8,False
tweet_id:1885684310793220564,bong revilla,diverting,Contempt,Opposedto,-0.5,False
tweet_id:1885682637475643689,,,Anger,Opposedto,-0.8,False
tweet_id:1885682637475643689,,Ninakaw,Anger,Opposedto,-0.9,False
tweet_id:1885682637475643689,,Ninakaw,Anger,Opposedto,-0.9,False
tweet_id:1885682592529424808,heidi mendoza,,Neutral,InFavor,0.5,False
tweet_id:1885682367995785591,,,Anger,Opposedto,-0.8,False
tweet_id:1885682367995785591,bong go,,Neutral,Unsure,0.0,False
tweet_id:1885680736721879082,leody de guzman,,Neutral,Unsure,0.0,False
tweet_id:1885679474731368634,duterte youth,bangayang,Disgust,Opposedto,-0.8,False
tweet_id:1885679474731368634,imee marcos,bangayang,Disgust,Opposedto,-0.8,False
tweet_id:1885678525488980027,,,Anger,Opposedto,-1.0,True
tweet_id:1885678067076792359,,,Neutral,Unsure,0.0,True
tweet_id:1885675768375914570,,,Contempt,Unsure,-0.5,False
tweet_id:1885670394402853036,heidi mendoza,Former,Neutral,InFavor,0.5,False
tweet_id:1885621612801638726,,,Neutral,Unsure,0.0,True
tweet_id:1885596198612197767,,,Neutral,Unsure,0.0,True
tweet_id:1885595578073309479,,,Neutral,Unsure,0.0,True
tweet_id:1885543113432981887,,,Neutral,Unsure,0.5,True
tweet_id:1885510605626642820,heidi mendoza,Former,Neutral,InFavor,0.5,False
tweet_id:1885420217075171552,,,Neutral,Unsure,0.0,True
tweet_id:1885312768158687679,,,Contempt,Opposedto,-0.8,False
tweet_id:1885306941582328042,tito sotto,embarrassing,Contempt,Opposedto,-0.8,False
tweet_id:1885306941582328042,duterte youth,Tuta,Anger,Opposedto,-0.9,False
tweet_id:1885302446454661293,,ProChina,Contempt,Opposedto,-0.8,False
tweet_id:1885302446454661293,,Beijing,Contempt,Opposedto,-0.8,False
tweet_id:1885296987576426878,tito sotto,pushes,Neutral,InFavor,0.5,False
tweet_id:1885274326930513992,duterte youth,,Neutral,InFavor,0.5,False
tweet_id:1885157206070616095,heidi mendoza,Salamat,Enjoyment,InFavor,0.8,False
tweet_id:1885131199037006112,apollo quiboloy,Forever,Enjoyment,InFavor,0.8,False
tweet_id:1885131199037006112,duterte youth,Forever,Enjoyment,InFavor,0.8,False
tweet_id:1885015086861099044,heidi mendoza,Former,Enjoyment,InFavor,0.8,False
tweet_id:1884878699461521441,duterte youth,,Contempt,Opposedto,-0.5,False
tweet_id:1884878699461521441,,,Neutral,Unsure,0.0,False
tweet_id:1884806930721325433,,POGO,Contempt,Opposedto,-0.5,False
tweet_id:1884806930721325433,bong go,,Neutral,Unsure,0.0,False
tweet_id:1884801807534448804,bbm,popularity,Neutral,Unsure,0.0,False
tweet_id:1884779977759178927,duterte youth,narrative,Contempt,Opposedto,-0.8,False
tweet_id:1884779977759178927,,Pangulo,Contempt,Opposedto,-0.8,False
tweet_id:1884766098417127701,,,Neutral,Unsure,0.0,True
tweet_id:1884763838580670946,,,Neutral,Unsure,0.0,True
tweet_id:1884603237841715302,kiko pangilinan,,Neutral,Unsure,0.0,True
tweet_id:1884588887022174361,,,Contempt,Opposedto,-0.8,False
tweet_id:1884586808761299412,,,Anger,Opposedto,-0.8,False
tweet_id:1884586808761299412,bayan muna,ProChina,Anger,Opposedto,-0.9,False
tweet_id:1884541652032979213,kiko pangilinan,saysay,Enjoyment,InFavor,0.8,False
tweet_id:1884541652032979213,bam aquino,saysay,Enjoyment,InFavor,0.8,False
tweet_id:1884471122827305377,heidi mendoza,Tapat,Neutral,InFavor,0.5,False
tweet_id:1884274095057174847,,kakampi,Enjoyment,InFavor,0.8,False
tweet_id:1884274095057174847,,Hudas,Anger,Opposedto,-0.9,False
tweet_id:1884190539383517208,abigail binay,worse,Contempt,Opposedto,-0.8,False
tweet_id:1884190539383517208,,better,Neutral,Unsure,0.2,False
tweet_id:1884190539383517208,ben tulfo,better,Neutral,InFavor,0.4,False
tweet_id:1884190539383517208,,worse,Contempt,Opposedto,-0.8,False
tweet_id:1884168989422805430,ben tulfo,win,Neutral,Unsure,0.0,False
tweet_id:1884168989422805430,,,Contempt,Opposedto,-0.5,True
tweet_id:1884060438482292754,,Tuta,Contempt,Opposedto,-0.8,False
tweet_id:1884054866353643721,,,Neutral,Unsure,0.0,True
tweet_id:1883694872269635890,,,Neutral,Unsure,0.0,False
tweet_id:1883630426876686434,,crucial,Neutral,InFavor,0.5,True
tweet_id:1883612129661726744,ronald dela rosa,warns,Anger,InFavor,0.5,False
tweet_id:1883408278450733151,,,Neutral,Unsure,0.0,True
tweet_id:1883364243002532051,,,Neutral,Unsure,0.0,True
tweet_id:1883188809120305553,heidi mendoza,,Neutral,InFavor,0.5,False
tweet_id:1883188809120305553,luke espiritu,,Neutral,InFavor,0.5,False
tweet_id:1883188809120305553,france castro,,Neutral,InFavor,0.5,False
tweet_id:1883188809120305553,sonny matula,,Neutral,InFavor,0.5,False
tweet_id:1883188809120305553,willie ong,,Neutral,InFavor,0.5,False
tweet_id:1883188809120305553,ariel querubin,,Neutral,InFavor,0.5,False
tweet_id:1883188809120305553,bam aquino,,Neutral,InFavor,0.5,False
tweet_id:1883188809120305553,kiko pangilinan,,Neutral,InFavor,0.5,False
tweet_id:1882663370584637752,,,Neutral,Unsure,0.0,True
tweet_id:1882619205562114053,,,Neutral,Unsure,0.0,True
tweet_id:1882604230545940720,,,Neutral,Unsure,0.0,True
tweet_id:1882417925141012621,,,Disgust,Unsure,-0.5,False
tweet_id:1882417925141012621,bong go,ROTC,Anger,Opposedto,-0.8,False
tweet_id:1882385762651668511,,,Contempt,Opposedto,-0.8,False
tweet_id:1882348116952924254,bam aquino,,Enjoyment,InFavor,0.8,False
tweet_id:1882231779282899224,jimmy bondoc,abogado,Neutral,InFavor,0.5,False
tweet_id:1882008905255100710,,,Contempt,Opposedto,-0.8,False
tweet_id:1881654699805516099,duterte youth,propaganda,Contempt,Opposedto,-0.8,False
tweet_id:1881598580248674796,heidi mendoza,plans,Neutral,InFavor,0.5,False
tweet_id:1881343065744626063,,,Neutral,Unsure,0.5,False
tweet_id:1881280198001512711,imee marcos,,Contempt,Opposedto,-0.8,False
tweet_id:1881280198001512711,duterte youth,,Contempt,Opposedto,-0.8,False
tweet_id:1881203794757013956,duterte youth,regionalistic,Contempt,Opposedto,-0.8,False
tweet_id:1881203794757013956,,,Neutral,Unsure,0.0,False
tweet_id:1881203794757013956,imee marcos,dictator,Anger,Opposedto,-0.9,False
tweet_id:1881203794757013956,,,Neutral,InFavor,0.5,False
tweet_id:1881202693102043337,,harm,Anger,Opposedto,-0.8,False
tweet_id:1881202693102043337,,cheered,Enjoyment,InFavor,0.7,False
tweet_id:1881202693102043337,,cheered,Enjoyment,InFavor,0.7,False
tweet_id:1881011171882602819,,,Neutral,Unsure,0.0,True
tweet_id:1880835538015625397,bong go,China,Contempt,Opposedto,-0.8,False
tweet_id:1879855138090983688,,,Neutral,Unsure,0.0,True
tweet_id:1879800763880464567,france castro,kakandidatong,Neutral,InFavor,0.5,False
tweet_id:1879800763880464567,act teachers,,Neutral,InFavor,0.5,False
tweet_id:1879778515706614247,patrol,Pilipino,Neutral,InFavor,0.5,False
tweet_id:1879778295472083272,,,Contempt,Opposedto,-0.5,True
tweet_id:1879769511106347488,,,Contempt,Opposedto,-0.8,True
tweet_id:1879756717707202802,,,Neutral,Unsure,0.0,True
tweet_id:1879484423831167344,,,Neutral,Unsure,0.0,True
tweet_id:1879417009320108296,,,Neutral,Unsure,0.0,True
tweet_id:1879416650807881800,liza maza,serbisyo,Contempt,InFavor,0.5,False
tweet_id:1879416650807881800,imee marcos,karanasan,Contempt,Opposedto,-0.5,False
tweet_id:1879356696256217166,,,Neutral,Unsure,0.0,True
tweet_id:1879355191591645652,patrol,Pilipino,Neutral,InFavor,0.5,False
tweet_id:1879261514307453274,patrol,SIMULA,Enjoyment,InFavor,0.8,False
tweet_id:1879160491865743857,,,Neutral,Unsure,0.0,True
tweet_id:1879157863223853120,,,Neutral,InFavor,0.5,False
tweet_id:1879156906515747097,,,Neutral,Unsure,0.0,True
tweet_id:1879150220145222072,,,Neutral,Unsure,0.0,True
tweet_id:1879133767266431098,,,Neutral,Unsure,0.5,True
tweet_id:1879130570434974178,,,Anger,Unsure,0.2,True
tweet_id:1879125056225231216,,,Neutral,Unsure,0.0,True
tweet_id:1879112878806159395,,,Neutral,Unsure,0.0,True
tweet_id:1879108359284248869,,,Neutral,Unsure,0.0,True
tweet_id:1879085550440968524,,,Neutral,Unsure,0.0,True
tweet_id:1879075037044670583,,,Neutral,Unsure,0.5,True
tweet_id:1879059644242624757,,,Neutral,InFavor,0.5,False
tweet_id:1879058289310445866,,,Surprise,InFavor,0.5,False
tweet_id:1879058108972151010,,,Surprise,InFavor,0.5,False
tweet_id:1879054622108844165,,,Enjoyment,InFavor,0.8,True
tweet_id:1879054254738210964,,,Enjoyment,InFavor,0.8,False
tweet_id:1879053668978507866,,,Neutral,Unsure,0.0,True
tweet_id:1879053548941701515,,,Neutral,Unsure,0.0,True
tweet_id:1879052822635032686,,,Neutral,Unsure,0.0,True
tweet_id:1879052707950166091,,,Neutral,Unsure,0.0,True
tweet_id:1879052270081568921,,,Neutral,Unsure,0.5,False
tweet_id:1879051321984401786,,,Neutral,Unsure,0.0,True
tweet_id:1879051179285774498,,,Neutral,Unsure,0.0,True
tweet_id:1879050070747963643,,,Neutral,Unsure,0.0,True
tweet_id:1879045573137117503,,,Neutral,Unsure,0.0,True
tweet_id:1879037948819288561,,,Neutral,Unsure,0.0,True
tweet_id:1878963789078647123,,,Neutral,Unsure,0.0,False
tweet_id:1878692031264182499,ronald dela rosa,division,Neutral,InFavor,0.2,False
tweet_id:1878655914514972750,,,Contempt,Opposedto,-0.5,False
tweet_id:1878655914514972750,,rally,Neutral,Unsure,0.0,False
tweet_id:1878655914514972750,,rally,Contempt,Opposedto,-0.7,False
tweet_id:1878650582690566177,,,Neutral,Unsure,0.0,True
tweet_id:1878427592883425286,,,Neutral,Unsure,0.0,True
tweet_id:1878371865351377407,luke espiritu,lider-manggagawa,Enjoyment,InFavor,0.8,False
tweet_id:1878338271950045403,apollo quiboloy,duwag,Contempt,Opposedto,-0.8,False
tweet_id:1878215315441463609,,,Neutral,Unsure,0.0,True
tweet_id:1877883124702396733,,impeachment,Neutral,Unsure,0.0,False
tweet_id:1877719098391724495,kiko pangilinan,Manalo,Enjoyment,InFavor,0.8,False
tweet_id:1877719098391724495,bam aquino,Manalo,Enjoyment,InFavor,0.8,False
tweet_id:1877243983392330115,kiko pangilinan,Kikiko,Enjoyment,InFavor,0.8,False
tweet_id:1877243983392330115,bam aquino,,Enjoyment,InFavor,0.8,False
tweet_id:1877243983392330115,ml,,Enjoyment,InFavor,0.8,False
tweet_id:1876947351652208974,,,Neutral,Unsure,0.5,True
tweet_id:1876226977750999475,bong revilla,hindi,Disgust,Opposedto,-0.8,False
tweet_id:1876180663436718438,ben tulfo,breaker,Enjoyment,InFavor,0.8,False
tweet_id:1876169329315864977,bam aquino,kandidato,Neutral,InFavor,0.5,False
tweet_id:1876146322044268733,heidi mendoza,advocacy,Disgust,Opposedto,-0.5,False
tweet_id:1875556902412910917,tito sotto,,Neutral,Unsure,0.0,False
tweet_id:1875474754439934100,,,Neutral,Unsure,0.0,True
tweet_id:1875421905240621229,bam aquino,kandidato,Neutral,InFavor,0.5,False
tweet_id:1874479972167082263,,scammer,Anger,Opposedto,-0.8,False
tweet_id:1874479972167082263,,kawatan,Anger,Opposedto,-0.8,False
tweet_id:1873763656162480360,pia cayetano,trapo,Anger,Opposedto,-0.8,False
tweet_id:1873763656162480360,ronald dela rosa,trapo,Anger,Opposedto,-0.8,False
tweet_id:1873763656162480360,bong go,trapo,Anger,Opposedto,-0.8,False
tweet_id:1873763656162480360,lito lapid,trapo,Anger,Opposedto,-0.8,False
tweet_id:1873763656162480360,imee marcos,trapo,Anger,Opposedto,-0.8,False
tweet_id:1873763656162480360,bong revilla,trapo,Anger,Opposedto,-0.8,False
tweet_id:1873763656162480360,francis tolentino,trapo,Anger,Opposedto,-0.8,False
tweet_id:1873763656162480360,camille villar,trapo,Anger,Opposedto,-0.8,False
tweet_id:1872878704025845997,,,Neutral,Unsure,0.0,True
tweet_id:1871591985003511851,kiko pangilinan,,Enjoyment,InFavor,0.8,False
tweet_id:1871591985003511851,bam aquino,,Enjoyment,InFavor,0.8,False
tweet_id:1871591985003511851,ml,,Enjoyment,InFavor,0.8,False
tweet_id:1871197900132483279,,,Contempt,Opposedto,-0.8,True
tweet_id:1871014966976750035,apollo quiboloy,disqualify,Contempt,Opposedto,-0.8,False
tweet_id:1870777954458013991,,,Contempt,Opposedto,-0.5,False
tweet_id:1870761024124772834,ml,Liberal,Neutral,InFavor,0.5,False
tweet_id:1870761024124772834,akbayan,,Neutral,InFavor,0.5,False
tweet_id:1870761024124772834,magdalo,,Neutral,InFavor,0.5,False
tweet_id:1870756165984112980,apollo quiboloy,jailed,Contempt,Opposedto,-0.5,False
tweet_id:1870731277986680901,,,Neutral,Unsure,0.0,True
tweet_id:1869921088714747971,bong go,necessary,Enjoyment,InFavor,0.8,False
tweet_id:1869921088714747971,ronald dela rosa,necessary,Enjoyment,InFavor,0.8,False
tweet_id:1868713000347267252,kiko pangilinan,groufie,Contempt,Unsure,0.2,False
tweet_id:1868713000347267252,bbm,groufie,Contempt,Unsure,0.2,False
tweet_id:1868713000347267252,makabayan,,Neutral,InFavor,0.8,False
tweet_id:1868687356183949822,bbm,,Neutral,Unsure,0.0,False
tweet_id:1868687356183949822,,dinner,Neutral,Unsure,0.0,False
tweet_id:1868547987829621014,,,Contempt,Unsure,-0.5,False
tweet_id:1867464474044879257,apollo quiboloy,televangelist,Neutral,Unsure,0.0,False
tweet_id:1867372779043250566,,,Contempt,Opposedto,-0.8,True
tweet_id:1866377698756759585,,impeachment,Neutral,Unsure,0.0,False
tweet_id:1865954079245304074,,,Neutral,Unsure,0.0,True
tweet_id:1865951278729511042,,abandonado,Contempt,Opposedto,-0.8,True
tweet_id:1865711233300938914,,,Disgust,Opposedto,-0.5,True
tweet_id:1865320928550277317,,China,Contempt,Opposedto,-0.8,False
tweet_id:1864209939935449538,,,Neutral,Unsure,0.0,True
tweet_id:1862345576270241900,,,Neutral,Unsure,0.0,True
tweet_id:1862101002436125010,,,Contempt,Opposedto,-0.5,False
tweet_id:1860950294185890116,,tanga,Anger,Opposedto,-0.8,False
tweet_id:1860540243675680881,,,Disgust,Opposedto,-0.8,False
tweet_id:1859561301753856028,,,Neutral,Unsure,0.0,True
tweet_id:1859561048703176767,,,Neutral,Unsure,0.0,True
tweet_id:1858544522290229248,,matapobre,Anger,Opposedto,-1.0,False
tweet_id:1857200589756891232,,Panata,Neutral,Unsure,0.0,True
tweet_id:1856714971696275635,heidi mendoza,Tatak,Enjoyment,InFavor,0.8,False
tweet_id:1856696488539373967,,,Neutral,Unsure,0.0,True
tweet_id:1856666971275931789,,,Neutral,Unsure,0.5,True
tweet_id:1856647549584884085,,,Neutral,Unsure,0.0,True
tweet_id:1856638492341580085,panfilo lacson,,Anger,Opposedto,-0.8,False
tweet_id:1856638492341580085,tito sotto,Senate,Anger,Opposedto,-0.8,False
tweet_id:1856595371721666632,,,Neutral,Unsure,0.0,True
tweet_id:1856003963255980129,,,Neutral,Unsure,0.0,True
tweet_id:1855876957222932480,,,Neutral,Unsure,0.0,True
tweet_id:1855818083514175583,,,Neutral,Unsure,0.0,True
tweet_id:1855790680192549156,,,Neutral,Unsure,0.0,True
tweet_id:1855637628311502948,,issues,Disgust,Opposedto,-0.5,False
tweet_id:1855294029984076204,,drug,Anger,Opposedto,-0.8,False
tweet_id:1855147258586841573,,boogeyman,Neutral,Unsure,0.0,False
tweet_id:1854070290198016353,,paglulustay,Anger,Opposedto,-0.8,False
tweet_id:1854056327263449338,,,Contempt,Opposedto,-0.8,True
tweet_id:1854033006983532971,,,Neutral,InFavor,0.5,False
tweet_id:1854014493413855534,kiko pangilinan,,Neutral,Unsure,0.0,False
tweet_id:1854014493413855534,bam aquino,,Neutral,Unsure,0.0,False
tweet_id:1854014493413855534,ml,,Neutral,Unsure,0.0,False
tweet_id:1853803353144476132,act teachers,Tagumpay,Enjoyment,InFavor,0.8,False
tweet_id:1853659757988466740,,,Neutral,Unsure,0.0,True
tweet_id:1853446852269777190,,,Neutral,Unsure,0.0,True
tweet_id:1853322102033547728,kiko pangilinan,successfully,Neutral,InFavor,0.5,False
tweet_id:1852376193485476022,bam aquino,manalo,Enjoyment,InFavor,0.8,False
tweet_id:1852376193485476022,kiko pangilinan,manalo,Enjoyment,InFavor,0.8,False
tweet_id:1851793500104462512,heidi mendoza,kakampi,Enjoyment,InFavor,0.8,False
tweet_id:1851089132547691001,,,Neutral,Unsure,0.0,True
tweet_id:1851087150504427912,bam aquino,matitino,Enjoyment,InFavor,0.8,False
tweet_id:1851087150504427912,kiko pangilinan,matitino,Enjoyment,InFavor,0.8,False
tweet_id:1851066883124150520,kabataan,Tanglaw,Enjoyment,InFavor,0.8,False
tweet_id:1850909060918550776,,,Neutral,InFavor,0.5,False
tweet_id:1850907527527203184,bong go,iboto,Contempt,Opposedto,-0.8,False
tweet_id:1850907527527203184,francis tolentino,iboto,Contempt,Opposedto,-0.8,False
tweet_id:1850907527527203184,ronald dela rosa,iboto,Contempt,Opposedto,-0.8,False
tweet_id:1850855033409061205,,,Neutral,Unsure,0.0,True
tweet_id:1850815680104546613,bam aquino,solid,Neutral,InFavor,0.5,False
tweet_id:1850815680104546613,kiko pangilinan,solid,Neutral,InFavor,0.5,False
tweet_id:1850815680104546613,,kawawa,Sadness,InFavor,-0.5,False
tweet_id:1850789333760131123,,,Neutral,Unsure,0.0,True
tweet_id:1850768378757341395,kabataan,Tanglaw,Enjoyment,InFavor,0.8,False
tweet_id:1850457276345106442,,halalan,Anger,InFavor,0.5,False
tweet_id:1850412923967136137,,,Contempt,Opposedto,-0.5,False
tweet_id:1850380791337144543,vic rodriguez,donation,Neutral,InFavor,0.5,False
tweet_id:1850380791337144543,,donated,Neutral,InFavor,0.5,False
tweet_id:1850380791337144543,,,Neutral,Unsure,0.0,False
tweet_id:1850334981379547554,,,Contempt,Opposedto,-0.5,False
tweet_id:1850168925939790247,,,Enjoyment,Unsure,0.5,True
tweet_id:1850168925939790247,,,Neutral,Unsure,0.0,False
tweet_id:1850112724673450306,,lulumubog,Contempt,Opposedto,-0.8,False
tweet_id:1849754196565778857,,obese,Contempt,Opposedto,-0.5,False
tweet_id:1849483709982130188,,,Neutral,Unsure,0.0,True
tweet_id:1849077938437943387,,,Neutral,InFavor,0.5,False
tweet_id:1848987810390544582,,opponent,Neutral,Unsure,0.0,False
tweet_id:1848987810390544582,pba,,Neutral,Unsure,0.0,False
tweet_id:1848568062804693123,,,Neutral,Unsure,0.0,True
tweet_id:1848271917201146104,,,Neutral,Unsure,0.0,True
